Day;Hour;Price (Kč/MWh)
01.01.2024;1;2,47
01.01.2024;2;0,25
01.01.2024;3;0,5
01.01.2024;4;0
01.01.2024;5;-0,25
01.01.2024;6;-0,25
01.01.2024;7;0
01.01.2024;8;0
01.01.2024;9;0
01.01.2024;10;0,99
01.01.2024;11;1,48
01.01.2024;12;13,35
01.01.2024;13;55,38
01.01.2024;14;62,55
01.01.2024;15;120,91
01.01.2024;16;594,39
01.01.2024;17;1 217,95
01.01.2024;18;1 414,52
01.01.2024;19;1 479,79
01.01.2024;20;1 353,94
01.01.2024;21;1 196,94
01.01.2024;22;1 045,13
01.01.2024;23;1 145,26
01.01.2024;24;878,97
02.01.2024;1;742,28
02.01.2024;2;490,99
02.01.2024;3;730,68
02.01.2024;4;432,98
02.01.2024;5;260,43
02.01.2024;6;696,61
02.01.2024;7;1 163,40
02.01.2024;8;1 615,14
02.01.2024;9;1 760,04
02.01.2024;10;1 731,90
02.01.2024;11;1 771,64
02.01.2024;12;1 859,52
02.01.2024;13;1 967,64
02.01.2024;14;1 989,86
02.01.2024;15;2 028,61
02.01.2024;16;2 049,84
02.01.2024;17;2 120,69
02.01.2024;18;2 075,27
02.01.2024;19;1 928,15
02.01.2024;20;1 698,82
02.01.2024;21;1 445,55
02.01.2024;22;1 175,25
02.01.2024;23;1 002,71
02.01.2024;24;438,65
03.01.2024;1;291,41
03.01.2024;2;262,54
03.01.2024;3;248,97
03.01.2024;4;240,83
03.01.2024;5;257,11
03.01.2024;6;289,19
03.01.2024;7;889,29
03.01.2024;8;1 075,34
03.01.2024;9;1 546,14
03.01.2024;10;1 615,47
03.01.2024;11;1 480,50
03.01.2024;12;1 406,23
03.01.2024;13;1 381,55
03.01.2024;14;1 382,29
03.01.2024;15;1 533,31
03.01.2024;16;1 740,82
03.01.2024;17;1 915,52
03.01.2024;18;2 078,38
03.01.2024;19;2 101,57
03.01.2024;20;2 021,87
03.01.2024;21;1 806,95
03.01.2024;22;1 663,34
03.01.2024;23;1 603,88
03.01.2024;24;1 434,11
04.01.2024;1;1 412,45
04.01.2024;2;1 243,84
04.01.2024;3;986
04.01.2024;4;628,08
04.01.2024;5;862,75
04.01.2024;6;1 423,04
04.01.2024;7;1 790,82
04.01.2024;8;2 095,74
04.01.2024;9;2 254,74
04.01.2024;10;2 322,03
04.01.2024;11;2 263,61
04.01.2024;12;2 225,16
04.01.2024;13;2 132,23
04.01.2024;14;2 118,91
04.01.2024;15;2 270,51
04.01.2024;16;2 430,98
04.01.2024;17;2 588,25
04.01.2024;18;2 930,39
04.01.2024;19;3 045,02
04.01.2024;20;2 836,97
04.01.2024;21;2 513,81
04.01.2024;22;2 387,11
04.01.2024;23;2 296,89
04.01.2024;24;2 187,44
05.01.2024;1;2 117,57
05.01.2024;2;1 980,55
05.01.2024;3;1 894,45
05.01.2024;4;1 798,26
05.01.2024;5;1 808,84
05.01.2024;6;1 862,96
05.01.2024;7;2 153,98
05.01.2024;8;2 357,66
05.01.2024;9;2 414,24
05.01.2024;10;2 404,40
05.01.2024;11;2 383,25
05.01.2024;12;2 419,90
05.01.2024;13;2 327,65
05.01.2024;14;2 386,45
05.01.2024;15;2 535,28
05.01.2024;16;2 603,42
05.01.2024;17;2 660,24
05.01.2024;18;2 742,90
05.01.2024;19;2 716,09
05.01.2024;20;2 624,82
05.01.2024;21;2 526,67
05.01.2024;22;2 350,28
05.01.2024;23;2 335,03
05.01.2024;24;2 135,28
06.01.2024;1;2 023,35
06.01.2024;2;1 972,92
06.01.2024;3;1 872,80
06.01.2024;4;1 796,05
06.01.2024;5;1 796,05
06.01.2024;6;1 834,91
06.01.2024;7;1 847,46
06.01.2024;8;2 002,19
06.01.2024;9;2 174,64
06.01.2024;10;2 268,86
06.01.2024;11;2 393,58
06.01.2024;12;2 471,56
06.01.2024;13;2 439,34
06.01.2024;14;2 337,00
06.01.2024;15;2 275,99
06.01.2024;16;2 330,85
06.01.2024;17;2 442,29
06.01.2024;18;2 565,53
06.01.2024;19;2 549,30
06.01.2024;20;2 435,40
06.01.2024;21;2 266,64
06.01.2024;22;2 164,80
06.01.2024;23;2 129,62
06.01.2024;24;1 964,80
07.01.2024;1;2 068,37
07.01.2024;2;1 963,57
07.01.2024;3;1 888,30
07.01.2024;4;1 807,12
07.01.2024;5;1 767,76
07.01.2024;6;1 773,17
07.01.2024;7;1 842,54
07.01.2024;8;1 911,17
07.01.2024;9;2 012,03
07.01.2024;10;2 087,56
07.01.2024;11;2 144,38
07.01.2024;12;2 193,83
07.01.2024;13;2 181,04
07.01.2024;14;2 086,33
07.01.2024;15;2 074,76
07.01.2024;16;2 165,05
07.01.2024;17;2 298,13
07.01.2024;18;2 503,54
07.01.2024;19;2 579,31
07.01.2024;20;2 547,58
07.01.2024;21;2 472,30
07.01.2024;22;2 295,43
07.01.2024;23;2 242,78
07.01.2024;24;2 062,96
08.01.2024;1;2 020,58
08.01.2024;2;2 033,55
08.01.2024;3;1 925,11
08.01.2024;4;1 859,75
08.01.2024;5;1 919,48
08.01.2024;6;2 009,81
08.01.2024;7;2 308,46
08.01.2024;8;2 721,20
08.01.2024;9;2 964,77
08.01.2024;10;2 884,48
08.01.2024;11;2 708,96
08.01.2024;12;2 521,93
08.01.2024;13;2 337,35
08.01.2024;14;2 272,72
08.01.2024;15;2 448,00
08.01.2024;16;2 643,35
08.01.2024;17;2 919,73
08.01.2024;18;3 178,24
08.01.2024;19;3 182,40
08.01.2024;20;2 988,03
08.01.2024;21;2 795,37
08.01.2024;22;2 516,54
08.01.2024;23;2 447,02
08.01.2024;24;2 239,68
09.01.2024;1;2 156,68
09.01.2024;2;2 128,88
09.01.2024;3;2 091,00
09.01.2024;4;2 069,11
09.01.2024;5;2 097,89
09.01.2024;6;2 199,98
09.01.2024;7;2 649,42
09.01.2024;8;3 013,01
09.01.2024;9;3 269,09
09.01.2024;10;2 973,40
09.01.2024;11;2 767,99
09.01.2024;12;2 586,44
09.01.2024;13;2 451,14
09.01.2024;14;2 465,17
09.01.2024;15;2 717,56
09.01.2024;16;2 927,40
09.01.2024;17;3 144,86
09.01.2024;18;3 389,63
09.01.2024;19;3 383,98
09.01.2024;20;3 203,66
09.01.2024;21;2 949,79
09.01.2024;22;2 745,61
09.01.2024;23;2 599,73
09.01.2024;24;2 379,80
10.01.2024;1;2 186,82
10.01.2024;2;2 130,83
10.01.2024;3;2 130,09
10.01.2024;4;2 109,46
10.01.2024;5;2 135,49
10.01.2024;6;2 211,63
10.01.2024;7;2 694,97
10.01.2024;8;3 119,12
10.01.2024;9;3 469,59
10.01.2024;10;3 202,38
10.01.2024;11;2 914,04
10.01.2024;12;2 680,23
10.01.2024;13;2 500,45
10.01.2024;14;2 614,90
10.01.2024;15;2 791,00
10.01.2024;16;3 055,02
10.01.2024;17;3 321,00
10.01.2024;18;3 531,48
10.01.2024;19;3 438,40
10.01.2024;20;3 245,60
10.01.2024;21;2 947,20
10.01.2024;22;2 689,32
10.01.2024;23;2 565,29
10.01.2024;24;2 352,60
11.01.2024;1;2 262,10
11.01.2024;2;2 184,19
11.01.2024;3;2 151,15
11.01.2024;4;2 031,08
11.01.2024;5;2 024,67
11.01.2024;6;2 193,80
11.01.2024;7;2 504,21
11.01.2024;8;2 880,20
11.01.2024;9;3 476,36
11.01.2024;10;3 184,44
11.01.2024;11;2 802,04
11.01.2024;12;2 625,26
11.01.2024;13;2 450,21
11.01.2024;14;2 440,85
11.01.2024;15;2 612,94
11.01.2024;16;2 904,61
11.01.2024;17;3 302,29
11.01.2024;18;3 659,79
11.01.2024;19;3 368,86
11.01.2024;20;3 262,10
11.01.2024;21;2 890,55
11.01.2024;22;2 642,77
11.01.2024;23;2 465,50
11.01.2024;24;2 382,41
12.01.2024;1;2 240,41
12.01.2024;2;2 171,79
12.01.2024;3;2 108,84
12.01.2024;4;2 096,25
12.01.2024;5;2 121,18
12.01.2024;6;2 205,36
12.01.2024;7;2 441,35
12.01.2024;8;2 962,20
12.01.2024;9;3 474,17
12.01.2024;10;3 331,49
12.01.2024;11;3 011,82
12.01.2024;12;2 832,11
12.01.2024;13;2 640,80
12.01.2024;14;2 544,53
12.01.2024;15;2 580,57
12.01.2024;16;2 715,35
12.01.2024;17;2 962,20
12.01.2024;18;3 147,34
12.01.2024;19;3 110,31
12.01.2024;20;2 949,12
12.01.2024;21;2 689,68
12.01.2024;22;2 448,51
12.01.2024;23;2 325,82
12.01.2024;24;2 114,76
13.01.2024;1;2 221,65
13.01.2024;2;2 091,56
13.01.2024;3;2 024,17
13.01.2024;4;1 937,03
13.01.2024;5;1 851,38
13.01.2024;6;1 847,67
13.01.2024;7;1 894,82
13.01.2024;8;2 034,04
13.01.2024;9;2 198,94
13.01.2024;10;2 035,53
13.01.2024;11;1 974,80
13.01.2024;12;1 854,58
13.01.2024;13;1 751,65
13.01.2024;14;1 880,01
13.01.2024;15;2 381,12
13.01.2024;16;2 838,78
13.01.2024;17;2 770,64
13.01.2024;18;2 617,60
13.01.2024;19;2 342,85
13.01.2024;20;2 280,40
13.01.2024;21;1 945,43
13.01.2024;22;1 814,10
13.01.2024;23;1 691,66
13.01.2024;24;1 657,10
14.01.2024;1;1 647,97
14.01.2024;2;1 607,49
14.01.2024;3;1 598,11
14.01.2024;4;1 610,45
14.01.2024;5;1 621,81
14.01.2024;6;1 642,54
14.01.2024;7;1 672,16
14.01.2024;8;1 781,02
14.01.2024;9;1 897,29
14.01.2024;10;2 018,00
14.01.2024;11;2 022,94
14.01.2024;12;2 053,05
14.01.2024;13;2 004,42
14.01.2024;14;1 901,73
14.01.2024;15;1 953,82
14.01.2024;16;2 032,07
14.01.2024;17;2 138,22
14.01.2024;18;2 267,56
14.01.2024;19;2 403,83
14.01.2024;20;2 206,10
14.01.2024;21;2 016,27
14.01.2024;22;1 940,74
14.01.2024;23;1 857,05
14.01.2024;24;1 655,87
15.01.2024;1;1 725,35
15.01.2024;2;1 640,34
15.01.2024;3;1 591,89
15.01.2024;4;1 533,32
15.01.2024;5;1 541,23
15.01.2024;6;1 719,92
15.01.2024;7;2 151,69
15.01.2024;8;2 520,93
15.01.2024;9;2 456,42
15.01.2024;10;2 477,68
15.01.2024;11;2 343,72
15.01.2024;12;2 231,02
15.01.2024;13;2 080,76
15.01.2024;14;2 061,73
15.01.2024;15;2 147,73
15.01.2024;16;2 309,62
15.01.2024;17;2 471,50
15.01.2024;18;2 610,40
15.01.2024;19;2 782,66
15.01.2024;20;2 737,19
15.01.2024;21;2 555,28
15.01.2024;22;2 306,40
15.01.2024;23;2 247,58
15.01.2024;24;2 162,07
16.01.2024;1;2 036,35
16.01.2024;2;2 013,62
16.01.2024;3;1 979,52
16.01.2024;4;1 934,30
16.01.2024;5;1 911,32
16.01.2024;6;2 037,83
16.01.2024;7;2 488,05
16.01.2024;8;2 956,55
16.01.2024;9;3 560,96
16.01.2024;10;3 424,81
16.01.2024;11;3 014,62
16.01.2024;12;2 718,10
16.01.2024;13;2 551,06
16.01.2024;14;2 527,59
16.01.2024;15;2 647,92
16.01.2024;16;2 975,33
16.01.2024;17;3 062,81
16.01.2024;18;3 341,53
16.01.2024;19;3 244,18
16.01.2024;20;2 959,76
16.01.2024;21;2 674,61
16.01.2024;22;2 379,08
16.01.2024;23;2 238,23
16.01.2024;24;2 058,34
17.01.2024;1;1 909,85
17.01.2024;2;1 844,99
17.01.2024;3;1 742,75
17.01.2024;4;1 719,73
17.01.2024;5;1 726,17
17.01.2024;6;1 914,80
17.01.2024;7;2 103,43
17.01.2024;8;2 343,56
17.01.2024;9;2 504,46
17.01.2024;10;2 625,76
17.01.2024;11;2 731,22
17.01.2024;12;2 750,28
17.01.2024;13;2 879,75
17.01.2024;14;2 961,94
17.01.2024;15;2 963,67
17.01.2024;16;3 020,11
17.01.2024;17;3 084,47
17.01.2024;18;3 353,56
17.01.2024;19;3 028,28
17.01.2024;20;2 827,02
17.01.2024;21;2 695,82
17.01.2024;22;2 489,12
17.01.2024;23;2 315,09
17.01.2024;24;2 075,95
18.01.2024;1;1 999,40
18.01.2024;2;1 908,33
18.01.2024;3;1 856,87
18.01.2024;4;1 845,48
18.01.2024;5;1 901,16
18.01.2024;6;2 008,06
18.01.2024;7;2 378,00
18.01.2024;8;2 774,66
18.01.2024;9;3 151,03
18.01.2024;10;3 037,94
18.01.2024;11;2 825,38
18.01.2024;12;2 733,09
18.01.2024;13;2 538,84
18.01.2024;14;2 358,45
18.01.2024;15;2 355,23
18.01.2024;16;2 486,87
18.01.2024;17;2 608,87
18.01.2024;18;2 702,90
18.01.2024;19;2 619,51
18.01.2024;20;2 483,66
18.01.2024;21;2 313,66
18.01.2024;22;2 073,38
18.01.2024;23;2 024,14
18.01.2024;24;1 821,48
19.01.2024;1;1 758,53
19.01.2024;2;1 667,23
19.01.2024;3;1 637,46
19.01.2024;4;1 557,08
19.01.2024;5;1 570,97
19.01.2024;6;1 675,17
19.01.2024;7;1 938,16
19.01.2024;8;2 230,92
19.01.2024;9;2 586,94
19.01.2024;10;2 563,37
19.01.2024;11;2 380,27
19.01.2024;12;2 148,55
19.01.2024;13;1 925,75
19.01.2024;14;1 828,99
19.01.2024;15;1 874,64
19.01.2024;16;2 107,11
19.01.2024;17;2 262,92
19.01.2024;18;2 433,37
19.01.2024;19;2 387,71
19.01.2024;20;2 241,34
19.01.2024;21;2 025,24
19.01.2024;22;1 817,08
19.01.2024;23;1 834,45
19.01.2024;24;1 654,08
20.01.2024;1;1 695,27
20.01.2024;2;1 589,33
20.01.2024;3;1 607,44
20.01.2024;4;1 549,14
20.01.2024;5;1 541,20
20.01.2024;6;1 547,90
20.01.2024;7;1 587,59
20.01.2024;8;1 701,72
20.01.2024;9;1 901,19
20.01.2024;10;1 983,31
20.01.2024;11;1 834,70
20.01.2024;12;1 784,34
20.01.2024;13;1 714,12
20.01.2024;14;1 711,15
20.01.2024;15;1 820,81
20.01.2024;16;1 960,49
20.01.2024;17;2 130,68
20.01.2024;18;2 316,26
20.01.2024;19;2 457,93
20.01.2024;20;2 296,41
20.01.2024;21;2 137,13
20.01.2024;22;1 889,28
20.01.2024;23;1 866,95
20.01.2024;24;1 715,12
21.01.2024;1;1 699,24
21.01.2024;2;1 434,02
21.01.2024;3;1 368,27
21.01.2024;4;1 262,58
21.01.2024;5;1 278,96
21.01.2024;6;1 376,21
21.01.2024;7;1 359,09
21.01.2024;8;1 862,24
21.01.2024;9;1 853,80
21.01.2024;10;1 536,73
21.01.2024;11;1 459,08
21.01.2024;12;1 345,94
21.01.2024;13;1 164,83
21.01.2024;14;1 309,22
21.01.2024;15;1 525,82
21.01.2024;16;1 919,80
21.01.2024;17;2 698,83
21.01.2024;18;2 709,50
21.01.2024;19;2 671,54
21.01.2024;20;2 481,00
21.01.2024;21;2 488,69
21.01.2024;22;1 906,90
21.01.2024;23;1 827,26
21.01.2024;24;1 837,68
22.01.2024;1;1 476,74
22.01.2024;2;1 541,37
22.01.2024;3;1 435,13
22.01.2024;4;1 470,55
22.01.2024;5;1 647,12
22.01.2024;6;1 981,20
22.01.2024;7;2 968,33
22.01.2024;8;3 491,37
22.01.2024;9;2 535,94
22.01.2024;10;2 502,26
22.01.2024;11;2 029,49
22.01.2024;12;1 972,04
22.01.2024;13;1 532,95
22.01.2024;14;2 029,24
22.01.2024;15;2 376,45
22.01.2024;16;2 372,74
22.01.2024;17;2 228,85
22.01.2024;18;2 268,97
22.01.2024;19;2 017,11
22.01.2024;20;2 846,24
22.01.2024;21;2 203,34
22.01.2024;22;1 733,55
22.01.2024;23;2 228,85
22.01.2024;24;1 981,20
23.01.2024;1;1 544,49
23.01.2024;2;1 682,57
23.01.2024;3;1 739,20
23.01.2024;4;1 680,34
23.01.2024;5;1 682,57
23.01.2024;6;1 739,20
23.01.2024;7;2 864,97
23.01.2024;8;2 818,03
23.01.2024;9;2 731,85
23.01.2024;10;2 384,16
23.01.2024;11;1 974,38
23.01.2024;12;1 687,29
23.01.2024;13;1 539,77
23.01.2024;14;1 578,02
23.01.2024;15;1 812,96
23.01.2024;16;2 086,14
23.01.2024;17;2 144,01
23.01.2024;18;1 949,30
23.01.2024;19;1 913,29
23.01.2024;20;2 290,28
23.01.2024;21;2 384,16
23.01.2024;22;2 160,65
23.01.2024;23;1 682,57
23.01.2024;24;1 553,93
24.01.2024;1;1 699,26
24.01.2024;2;1 536,92
24.01.2024;3;1 499,49
24.01.2024;4;1 479,67
24.01.2024;5;1 475,20
24.01.2024;6;1 432,33
24.01.2024;7;2 478,50
24.01.2024;8;2 478,50
24.01.2024;9;2 234,37
24.01.2024;10;2 273,78
24.01.2024;11;2 478,50
24.01.2024;12;2 532,78
24.01.2024;13;2 478,50
24.01.2024;14;2 594,25
24.01.2024;15;2 230,65
24.01.2024;16;2 230,65
24.01.2024;17;2 073,02
24.01.2024;18;2 030,14
24.01.2024;19;1 790,47
24.01.2024;20;1 522,79
24.01.2024;21;1 470,74
24.01.2024;22;1 196,62
24.01.2024;23;1 153,00
24.01.2024;24;1 103,43
25.01.2024;1;1 178,08
25.01.2024;2;1 178,82
25.01.2024;3;1 143,66
25.01.2024;4;1 152,33
25.01.2024;5;1 183,03
25.01.2024;6;1 314,76
25.01.2024;7;1 763,41
25.01.2024;8;1 810,20
25.01.2024;9;2 260,09
25.01.2024;10;2 175,41
25.01.2024;11;2 077,12
25.01.2024;12;1 947,62
25.01.2024;13;1 855,76
25.01.2024;14;1 932,02
25.01.2024;15;2 128,87
25.01.2024;16;2 285,60
25.01.2024;17;2 499,03
25.01.2024;18;2 976,65
25.01.2024;19;2 828,58
25.01.2024;20;2 450,00
25.01.2024;21;2 245,73
25.01.2024;22;2 131,59
25.01.2024;23;1 979,31
25.01.2024;24;1 852,54
26.01.2024;1;1 553,67
26.01.2024;2;1 533,88
26.01.2024;3;1 447,04
26.01.2024;4;1 441,11
26.01.2024;5;1 568,02
26.01.2024;6;1 695,68
26.01.2024;7;2 028,68
26.01.2024;8;2 350,30
26.01.2024;9;2 472,76
26.01.2024;10;2 093,99
26.01.2024;11;1 884,69
26.01.2024;12;1 937,64
26.01.2024;13;1 799,59
26.01.2024;14;1 807,26
26.01.2024;15;2 114,78
26.01.2024;16;2 436,15
26.01.2024;17;2 259,26
26.01.2024;18;2 348,07
26.01.2024;19;2 226,60
26.01.2024;20;2 123,93
26.01.2024;21;1 841,89
26.01.2024;22;1 702,11
26.01.2024;23;1 531,41
26.01.2024;24;1 459,66
27.01.2024;1;1 414,63
27.01.2024;2;1 383,46
27.01.2024;3;1 398,31
27.01.2024;4;1 364,41
27.01.2024;5;1 379,50
27.01.2024;6;1 405,97
27.01.2024;7;1 473,51
27.01.2024;8;1 629,38
27.01.2024;9;1 863,91
27.01.2024;10;1 800,08
27.01.2024;11;1 496,52
27.01.2024;12;1 404,00
27.01.2024;13;1 381,48
27.01.2024;14;1 332,99
27.01.2024;15;1 476,73
27.01.2024;16;1 794,39
27.01.2024;17;1 979,20
27.01.2024;18;2 219,18
27.01.2024;19;2 368,61
27.01.2024;20;2 283,01
27.01.2024;21;2 094,98
27.01.2024;22;1 929,47
27.01.2024;23;1 879,50
27.01.2024;24;1 798,60
28.01.2024;1;1 651,89
28.01.2024;2;1 504,19
28.01.2024;3;1 468,07
28.01.2024;4;1 468,81
28.01.2024;5;1 499,99
28.01.2024;6;1 563,32
28.01.2024;7;1 480,19
28.01.2024;8;1 571,49
28.01.2024;9;1 581,13
28.01.2024;10;1 497,51
28.01.2024;11;1 424,03
28.01.2024;12;1 398,80
28.01.2024;13;1 310,48
28.01.2024;14;1 213,00
28.01.2024;15;1 446,80
28.01.2024;16;1 639,27
28.01.2024;17;1 929,47
28.01.2024;18;2 098,69
28.01.2024;19;2 017,79
28.01.2024;20;1 957,18
28.01.2024;21;1 905,23
28.01.2024;22;1 642,98
28.01.2024;23;1 592,51
28.01.2024;24;1 385,44
29.01.2024;1;1 240,01
29.01.2024;2;1 172,76
29.01.2024;3;1 194,10
29.01.2024;4;1 190,38
29.01.2024;5;1 279,96
29.01.2024;6;1 490,39
29.01.2024;7;2 120,69
29.01.2024;8;2 357,43
29.01.2024;9;2 468,35
29.01.2024;10;2 193,40
29.01.2024;11;1 957,90
29.01.2024;12;1 768,57
29.01.2024;13;1 743,01
29.01.2024;14;1 855,42
29.01.2024;15;2 040,04
29.01.2024;16;2 421,94
29.01.2024;17;2 690,69
29.01.2024;18;3 147,54
29.01.2024;19;2 901,87
29.01.2024;20;2 668,11
29.01.2024;21;2 276,28
29.01.2024;22;2 145,75
29.01.2024;23;2 068,83
29.01.2024;24;1 992,40
30.01.2024;1;1 786,63
30.01.2024;2;1 708,15
30.01.2024;3;1 722,80
30.01.2024;4;1 671,64
30.01.2024;5;1 664,19
30.01.2024;6;1 722,80
30.01.2024;7;2 055,84
30.01.2024;8;2 314,62
30.01.2024;9;2 385,40
30.01.2024;10;2 109,24
30.01.2024;11;1 916,02
30.01.2024;12;1 740,93
30.01.2024;13;1 691,26
30.01.2024;14;1 694,49
30.01.2024;15;1 786,38
30.01.2024;16;2 083,91
30.01.2024;17;2 160,65
30.01.2024;18;2 266,69
30.01.2024;19;2 372,24
30.01.2024;20;2 306,92
30.01.2024;21;2 215,28
30.01.2024;22;1 951,53
30.01.2024;23;1 884,98
30.01.2024;24;1 786,63
31.01.2024;1;1 787,74
31.01.2024;2;1 751,41
31.01.2024;3;1 764,10
31.01.2024;4;1 737,47
31.01.2024;5;1 717,31
31.01.2024;6;1 831,04
31.01.2024;7;2 114,48
31.01.2024;8;2 668,17
31.01.2024;9;3 010,34
31.01.2024;10;2 328,74
31.01.2024;11;2 064,96
31.01.2024;12;1 918,39
31.01.2024;13;1 864,14
31.01.2024;14;1 741,95
31.01.2024;15;2 186,15
31.01.2024;16;2 195,36
31.01.2024;17;2 239,65
31.01.2024;18;2 423,80
31.01.2024;19;2 488,50
31.01.2024;20;2 707,24
31.01.2024;21;2 737,35
31.01.2024;22;2 314,31
31.01.2024;23;1 990,80
31.01.2024;24;1 704,62
01.02.2024;1;2 148,19
01.02.2024;2;2 365,03
01.02.2024;3;1 991,85
01.02.2024;4;1 991,85
01.02.2024;5;1 991,85
01.02.2024;6;2 168,36
01.02.2024;7;2 365,03
01.02.2024;8;2 489,50
01.02.2024;9;2 358,30
01.02.2024;10;2 205,45
01.02.2024;11;2 097,40
01.02.2024;12;2 064,29
01.02.2024;13;2 068,03
01.02.2024;14;2 293,08
01.02.2024;15;2 194,49
01.02.2024;16;2 158,89
01.02.2024;17;2 256,48
01.02.2024;18;2 339,63
01.02.2024;19;2 335,40
01.02.2024;20;2 501,95
01.02.2024;21;2 267,44
01.02.2024;22;2 076,24
01.02.2024;23;2 039,15
01.02.2024;24;1 828,29
02.02.2024;1;1 597,72
02.02.2024;2;1 491,01
02.02.2024;3;1 442,75
02.02.2024;4;1 360,41
02.02.2024;5;1 462,15
02.02.2024;6;1 557,92
02.02.2024;7;2 611,88
02.02.2024;8;2 736,25
02.02.2024;9;2 595,21
02.02.2024;10;2 223,58
02.02.2024;11;2 043,48
02.02.2024;12;1 883,78
02.02.2024;13;1 678,81
02.02.2024;14;1 747,47
02.02.2024;15;2 132,04
02.02.2024;16;2 751,42
02.02.2024;17;2 736,25
02.02.2024;18;2 736,25
02.02.2024;19;2 578,29
02.02.2024;20;2 736,25
02.02.2024;21;2 611,88
02.02.2024;22;2 139,25
02.02.2024;23;1 778,81
02.02.2024;24;1 716,62
03.02.2024;1;1 616,88
03.02.2024;2;1 616,88
03.02.2024;3;1 741,25
03.02.2024;4;1 741,25
03.02.2024;5;1 741,25
03.02.2024;6;1 865,63
03.02.2024;7;2 114,38
03.02.2024;8;2 736,25
03.02.2024;9;2 114,87
03.02.2024;10;1 741,25
03.02.2024;11;1 567,13
03.02.2024;12;1 335,79
03.02.2024;13;1 192,76
03.02.2024;14;1 161,41
03.02.2024;15;1 153,21
03.02.2024;16;1 741,25
03.02.2024;17;1 932,79
03.02.2024;18;2 114,38
03.02.2024;19;2 025,57
03.02.2024;20;2 150,44
03.02.2024;21;2 345,71
03.02.2024;22;1 865,63
03.02.2024;23;1 616,88
03.02.2024;24;1 484,04
04.02.2024;1;920,13
04.02.2024;2;809,93
04.02.2024;3;1 178,58
04.02.2024;4;448,5
04.02.2024;5;296,76
04.02.2024;6;1 101,22
04.02.2024;7;1 236,54
04.02.2024;8;1 791,00
04.02.2024;9;1 616,13
04.02.2024;10;1 494,49
04.02.2024;11;1 046,99
04.02.2024;12;855,7
04.02.2024;13;584,07
04.02.2024;14;492,77
04.02.2024;15;770,38
04.02.2024;16;1 397,98
04.02.2024;17;2 363,13
04.02.2024;18;2 569,34
04.02.2024;19;2 358,40
04.02.2024;20;2 851,92
04.02.2024;21;2 893,21
04.02.2024;22;2 114,38
04.02.2024;23;1 922,59
04.02.2024;24;1 840,25
05.02.2024;1;1 469,29
05.02.2024;2;1 426,29
05.02.2024;3;854,42
05.02.2024;4;459,84
05.02.2024;5;289,06
05.02.2024;6;1 875,38
05.02.2024;7;3 000,60
05.02.2024;8;3 961,79
05.02.2024;9;2 833,07
05.02.2024;10;1 875,38
05.02.2024;11;1 424,79
05.02.2024;12;1 133,73
05.02.2024;13;677,64
05.02.2024;14;542,11
05.02.2024;15;1 429,54
05.02.2024;16;1 813,61
05.02.2024;17;2 125,43
05.02.2024;18;2 319,46
05.02.2024;19;2 338,22
05.02.2024;20;2 192,44
05.02.2024;21;2 125,43
05.02.2024;22;1 802,36
05.02.2024;23;1 566,81
05.02.2024;24;1 331,77
06.02.2024;1;1 321,27
06.02.2024;2;1 321,27
06.02.2024;3;789,87
06.02.2024;4;1 084,49
06.02.2024;5;1 371,12
06.02.2024;6;1 538,12
06.02.2024;7;2 344,70
06.02.2024;8;2 704,61
06.02.2024;9;2 243,25
06.02.2024;10;1 744,75
06.02.2024;11;1 493,76
06.02.2024;12;1 327,76
06.02.2024;13;1 114,65
06.02.2024;14;1 085,48
06.02.2024;15;1 444,65
06.02.2024;16;1 793,60
06.02.2024;17;1 945,40
06.02.2024;18;2 275,40
06.02.2024;19;2 122,36
06.02.2024;20;2 166,23
06.02.2024;21;2 058,31
06.02.2024;22;1 869,38
06.02.2024;23;1 497,49
06.02.2024;24;1 325,76
07.02.2024;1;1 126,10
07.02.2024;2;1 017,94
07.02.2024;3;993,21
07.02.2024;4;1 197,79
07.02.2024;5;1 348,42
07.02.2024;6;1 475,82
07.02.2024;7;1 887,24
07.02.2024;8;2 155,77
07.02.2024;9;2 174,76
07.02.2024;10;2 117,80
07.02.2024;11;2 000,65
07.02.2024;12;1 923,46
07.02.2024;13;1 883,74
07.02.2024;14;1 949,44
07.02.2024;15;1 928,96
07.02.2024;16;2 162,02
07.02.2024;17;2 378,60
07.02.2024;18;2 905,17
07.02.2024;19;3 314,10
07.02.2024;20;2 710,83
07.02.2024;21;2 465,03
07.02.2024;22;2 210,73
07.02.2024;23;2 101,57
07.02.2024;24;1 957,68
08.02.2024;1;1 839,18
08.02.2024;2;1 826,71
08.02.2024;3;1 800,50
08.02.2024;4;1 798,76
08.02.2024;5;1 814,98
08.02.2024;6;1 945,24
08.02.2024;7;2 290,37
08.02.2024;8;2 730,58
08.02.2024;9;3 228,93
08.02.2024;10;2 745,05
08.02.2024;11;2 359,99
08.02.2024;12;2 226,49
08.02.2024;13;2 132,90
08.02.2024;14;2 201,03
08.02.2024;15;2 336,79
08.02.2024;16;2 395,18
08.02.2024;17;2 487,27
08.02.2024;18;2 722,34
08.02.2024;19;2 555,89
08.02.2024;20;2 422,38
08.02.2024;21;2 307,84
08.02.2024;22;2 124,67
08.02.2024;23;1 976,94
08.02.2024;24;1 776,30
09.02.2024;1;1 590,05
09.02.2024;2;1 582,00
09.02.2024;3;1 525,35
09.02.2024;4;1 463,93
09.02.2024;5;1 446,05
09.02.2024;6;1 531,90
09.02.2024;7;1 795,48
09.02.2024;8;2 014,00
09.02.2024;9;2 060,83
09.02.2024;10;1 967,68
09.02.2024;11;1 873,02
09.02.2024;12;1 891,65
09.02.2024;13;1 863,45
09.02.2024;14;1 878,56
09.02.2024;15;1 966,92
09.02.2024;16;2 123,26
09.02.2024;17;2 255,93
09.02.2024;18;2 381,81
09.02.2024;19;2 398,67
09.02.2024;20;2 227,99
09.02.2024;21;2 103,12
09.02.2024;22;1 911,29
09.02.2024;23;1 885,86
09.02.2024;24;1 785,92
10.02.2024;1;1 588,54
10.02.2024;2;1 613,21
10.02.2024;3;1 621,27
10.02.2024;4;1 621,02
10.02.2024;5;1 621,52
10.02.2024;6;1 657,02
10.02.2024;7;1 785,16
10.02.2024;8;1 884,60
10.02.2024;9;1 956,10
10.02.2024;10;2 023,57
10.02.2024;11;1 878,81
10.02.2024;12;1 748,66
10.02.2024;13;1 662,81
10.02.2024;14;1 679,68
10.02.2024;15;1 750,42
10.02.2024;16;1 942,76
10.02.2024;17;2 159,51
10.02.2024;18;2 233,78
10.02.2024;19;2 226,98
10.02.2024;20;2 042,70
10.02.2024;21;1 873,02
10.02.2024;22;1 709,63
10.02.2024;23;1 664,82
10.02.2024;24;1 598,61
11.02.2024;1;1 396,71
11.02.2024;2;1 354,67
11.02.2024;3;1 324,21
11.02.2024;4;1 178,95
11.02.2024;5;1 098,89
11.02.2024;6;1 163,09
11.02.2024;7;1 244,15
11.02.2024;8;1 351,14
11.02.2024;9;1 421,13
11.02.2024;10;1 470,98
11.02.2024;11;1 551,79
11.02.2024;12;1 658,78
11.02.2024;13;1 634,11
11.02.2024;14;1 540,96
11.02.2024;15;1 579,98
11.02.2024;16;1 620,01
11.02.2024;17;1 735,82
11.02.2024;18;1 946,03
11.02.2024;19;2 064,85
11.02.2024;20;2 027,85
11.02.2024;21;1 932,43
11.02.2024;22;1 780,38
11.02.2024;23;1 721,72
11.02.2024;24;1 611,45
12.02.2024;1;1 622,59
12.02.2024;2;1 517,69
12.02.2024;3;1 489,45
12.02.2024;4;1 466,50
12.02.2024;5;1 492,98
12.02.2024;6;1 638,98
12.02.2024;7;1 916,34
12.02.2024;8;2 153,61
12.02.2024;9;2 622,36
12.02.2024;10;2 433,25
12.02.2024;11;2 155,13
12.02.2024;12;2 005,85
12.02.2024;13;1 773,62
12.02.2024;14;1 716,13
12.02.2024;15;1 773,88
12.02.2024;16;1 863,39
12.02.2024;17;2 057,80
12.02.2024;18;2 333,90
12.02.2024;19;2 420,64
12.02.2024;20;2 246,15
12.02.2024;21;1 995,77
12.02.2024;22;1 803,88
12.02.2024;23;1 660,91
12.02.2024;24;1 560,81
13.02.2024;1;1 733,96
13.02.2024;2;1 652,55
13.02.2024;3;1 603,01
13.02.2024;4;1 529,19
13.02.2024;5;1 518,32
13.02.2024;6;1 607,56
13.02.2024;7;1 793,62
13.02.2024;8;2 174,84
13.02.2024;9;2 254,72
13.02.2024;10;1 899,03
13.02.2024;11;1 749,63
13.02.2024;12;1 614,63
13.02.2024;13;1 530,20
13.02.2024;14;1 523,37
13.02.2024;15;1 595,17
13.02.2024;16;1 787,30
13.02.2024;17;2 172,31
13.02.2024;18;2 499,18
13.02.2024;19;2 592,46
13.02.2024;20;2 414,49
13.02.2024;21;2 143,24
13.02.2024;22;1 997,37
13.02.2024;23;1 838,61
13.02.2024;24;1 679,86
14.02.2024;1;1 536,97
14.02.2024;2;1 504,27
14.02.2024;3;1 413,52
14.02.2024;4;1 388,93
14.02.2024;5;1 395,77
14.02.2024;6;1 594,01
14.02.2024;7;1 850,30
14.02.2024;8;2 085,04
14.02.2024;9;2 151,46
14.02.2024;10;1 765,63
14.02.2024;11;1 618,85
14.02.2024;12;1 604,40
14.02.2024;13;1 581,08
14.02.2024;14;1 590,71
14.02.2024;15;1 727,60
14.02.2024;16;1 851,82
14.02.2024;17;2 115,20
14.02.2024;18;2 263,76
14.02.2024;19;2 324,34
14.02.2024;20;2 238,41
14.02.2024;21;2 033,58
14.02.2024;22;1 835,85
14.02.2024;23;1 728,87
14.02.2024;24;1 617,33
15.02.2024;1;1 578,53
15.02.2024;2;1 555,40
15.02.2024;3;1 528,97
15.02.2024;4;1 505,08
15.02.2024;5;1 551,59
15.02.2024;6;1 673,58
15.02.2024;7;1 917,05
15.02.2024;8;2 108,17
15.02.2024;9;2 144,77
15.02.2024;10;2 010,58
15.02.2024;11;1 899,26
15.02.2024;12;1 801,67
15.02.2024;13;1 757,96
15.02.2024;14;1 787,95
15.02.2024;15;1 776,76
15.02.2024;16;1 923,92
15.02.2024;17;2 141,21
15.02.2024;18;2 310,73
15.02.2024;19;2 299,30
15.02.2024;20;2 076,41
15.02.2024;21;1 924,42
15.02.2024;22;1 758,46
15.02.2024;23;1 677,14
15.02.2024;24;1 547,01
16.02.2024;1;1 317,55
16.02.2024;2;1 300,24
16.02.2024;3;1 270,71
16.02.2024;4;1 240,42
16.02.2024;5;1 296,68
16.02.2024;6;1 352,68
16.02.2024;7;1 929,23
16.02.2024;8;1 912,69
16.02.2024;9;1 794,58
16.02.2024;10;1 650,50
16.02.2024;11;1 383,99
16.02.2024;12;1 349,12
16.02.2024;13;1 335,12
16.02.2024;14;1 331,55
16.02.2024;15;1 368,97
16.02.2024;16;1 596,28
16.02.2024;17;1 780,58
16.02.2024;18;1 964,62
16.02.2024;19;1 970,73
16.02.2024;20;1 959,78
16.02.2024;21;1 846,25
16.02.2024;22;1 765,05
16.02.2024;23;1 732,98
16.02.2024;24;1 531,12
17.02.2024;1;1 456,79
17.02.2024;2;1 450,94
17.02.2024;3;1 436,68
17.02.2024;4;1 404,61
17.02.2024;5;1 402,06
17.02.2024;6;1 419,63
17.02.2024;7;1 405,37
17.02.2024;8;1 461,63
17.02.2024;9;1 652,79
17.02.2024;10;1 611,05
17.02.2024;11;1 586,61
17.02.2024;12;1 550,97
17.02.2024;13;1 487,59
17.02.2024;14;1 407,66
17.02.2024;15;1 504,39
17.02.2024;16;1 732,21
17.02.2024;17;1 882,91
17.02.2024;18;2 208,48
17.02.2024;19;2 725,21
17.02.2024;20;2 288,91
17.02.2024;21;2 052,69
17.02.2024;22;1 893,34
17.02.2024;23;1 839,63
17.02.2024;24;1 759,20
18.02.2024;1;1 585,34
18.02.2024;2;1 395,19
18.02.2024;3;1 308,90
18.02.2024;4;1 279,62
18.02.2024;5;1 275,30
18.02.2024;6;1 233,80
18.02.2024;7;1 171,44
18.02.2024;8;1 246,53
18.02.2024;9;1 203,51
18.02.2024;10;1 095,33
18.02.2024;11;1 029,66
18.02.2024;12;1 043,66
18.02.2024;13;1 025,07
18.02.2024;14;1 018,71
18.02.2024;15;1 101,44
18.02.2024;16;1 373,30
18.02.2024;17;1 574,39
18.02.2024;18;1 803,23
18.02.2024;19;1 863,05
18.02.2024;20;1 793,05
18.02.2024;21;1 647,19
18.02.2024;22;1 522,97
18.02.2024;23;1 459,34
18.02.2024;24;1 373,04
19.02.2024;1;1 120,24
19.02.2024;2;1 099,87
19.02.2024;3;1 126,35
19.02.2024;4;1 117,95
19.02.2024;5;1 143,66
19.02.2024;6;1 312,97
19.02.2024;7;1 750,38
19.02.2024;8;2 015,16
19.02.2024;9;2 159,26
19.02.2024;10;1 928,85
19.02.2024;11;1 846,36
19.02.2024;12;1 828,54
19.02.2024;13;1 822,94
19.02.2024;14;1 808,93
19.02.2024;15;1 767,94
19.02.2024;16;1 887,86
19.02.2024;17;1 896,52
19.02.2024;18;2 007,01
19.02.2024;19;2 440,09
19.02.2024;20;2 075,50
19.02.2024;21;1 868,76
19.02.2024;22;1 732,04
19.02.2024;23;1 687,23
19.02.2024;24;1 503,92
20.02.2024;1;1 476,18
20.02.2024;2;1 381,09
20.02.2024;3;1 371,93
20.02.2024;4;1 361,76
20.02.2024;5;1 346,25
20.02.2024;6;1 389,48
20.02.2024;7;1 782,55
20.02.2024;8;2 218,33
20.02.2024;9;2 288,25
20.02.2024;10;1 991,54
20.02.2024;11;1 775,17
20.02.2024;12;1 545,84
20.02.2024;13;1 369,90
20.02.2024;14;1 379,82
20.02.2024;15;1 373,20
20.02.2024;16;1 543,55
20.02.2024;17;1 757,89
20.02.2024;18;1 966,62
20.02.2024;19;1 991,03
20.02.2024;20;2 034,76
20.02.2024;21;1 926,45
20.02.2024;22;1 795,77
20.02.2024;23;1 881,20
20.02.2024;24;1 415,16
21.02.2024;1;1 324,84
21.02.2024;2;1 229,92
21.02.2024;3;1 185,50
21.02.2024;4;1 132,20
21.02.2024;5;1 145,65
21.02.2024;6;1 262,66
21.02.2024;7;1 778,88
21.02.2024;8;2 079,89
21.02.2024;9;2 149,18
21.02.2024;10;1 776,60
21.02.2024;11;1 626,86
21.02.2024;12;1 532,70
21.02.2024;13;1 345,39
21.02.2024;14;1 313,16
21.02.2024;15;1 439,81
21.02.2024;16;1 667,97
21.02.2024;17;1 778,88
21.02.2024;18;1 923,30
21.02.2024;19;1 895,13
21.02.2024;20;1 827,36
21.02.2024;21;1 776,60
21.02.2024;22;1 359,35
21.02.2024;23;1 354,02
21.02.2024;24;1 257,83
22.02.2024;1;1 251,82
22.02.2024;2;1 275,37
22.02.2024;3;1 322,97
22.02.2024;4;1 255,62
22.02.2024;5;1 246,00
22.02.2024;6;1 361,46
22.02.2024;7;1 772,40
22.02.2024;8;1 996,23
22.02.2024;9;2 052,95
22.02.2024;10;1 847,60
22.02.2024;11;1 781,26
22.02.2024;12;1 709,10
22.02.2024;13;1 702,26
22.02.2024;14;1 710,87
22.02.2024;15;1 682,26
22.02.2024;16;1 727,58
22.02.2024;17;1 739,99
22.02.2024;18;1 757,21
22.02.2024;19;1 720,24
22.02.2024;20;1 684,03
22.02.2024;21;1 290,05
22.02.2024;22;777,83
22.02.2024;23;306,88
22.02.2024;24;142,05
23.02.2024;1;329,3
23.02.2024;2;859,37
23.02.2024;3;540,21
23.02.2024;4;441,34
23.02.2024;5;708,03
23.02.2024;6;2 160,58
23.02.2024;7;2 229,28
23.02.2024;8;2 422,70
23.02.2024;9;2 203,42
23.02.2024;10;2 201,39
23.02.2024;11;1 742,56
23.02.2024;12;1 647,75
23.02.2024;13;1 630,01
23.02.2024;14;1 472,33
23.02.2024;15;1 583,36
23.02.2024;16;1 473,09
23.02.2024;17;1 720,76
23.02.2024;18;1 937,50
23.02.2024;19;2 191,25
23.02.2024;20;2 129,65
23.02.2024;21;1 849,79
23.02.2024;22;1 755,74
23.02.2024;23;1 723,29
23.02.2024;24;1 650,29
24.02.2024;1;1 685,02
24.02.2024;2;1 619,87
24.02.2024;3;1 508,33
24.02.2024;4;1 399,32
24.02.2024;5;1 404,14
24.02.2024;6;1 447,49
24.02.2024;7;1 563,34
24.02.2024;8;1 675,89
24.02.2024;9;1 632,54
24.02.2024;10;1 460,16
24.02.2024;11;1 249,25
24.02.2024;12;1 168,13
24.02.2024;13;1 023,13
24.02.2024;14;816,78
24.02.2024;15;953,16
24.02.2024;16;1 140,75
24.02.2024;17;1 417,57
24.02.2024;18;1 803,91
24.02.2024;19;2 008,48
24.02.2024;20;1 879,20
24.02.2024;21;1 652,06
24.02.2024;22;1 519,48
24.02.2024;23;1 434,56
24.02.2024;24;1 336,96
25.02.2024;1;1 434,05
25.02.2024;2;1 405,40
25.02.2024;3;1 404,14
25.02.2024;4;1 391,46
25.02.2024;5;1 399,07
25.02.2024;6;1 396,03
25.02.2024;7;1 438,87
25.02.2024;8;1 518,97
25.02.2024;9;1 571,95
25.02.2024;10;1 575,00
25.02.2024;11;1 426,45
25.02.2024;12;1 371,44
25.02.2024;13;1 267,50
25.02.2024;14;1 166,86
25.02.2024;15;1 263,44
25.02.2024;16;1 394,25
25.02.2024;17;1 706,56
25.02.2024;18;2 043,46
25.02.2024;19;2 339,30
25.02.2024;20;2 003,66
25.02.2024;21;1 773,74
25.02.2024;22;1 669,55
25.02.2024;23;1 653,58
25.02.2024;24;1 479,93
26.02.2024;1;1 466,86
26.02.2024;2;1 441,24
26.02.2024;3;1 371,74
26.02.2024;4;1 313,91
26.02.2024;5;1 350,69
26.02.2024;6;1 469,14
26.02.2024;7;1 765,66
26.02.2024;8;2 018,04
26.02.2024;9;2 069,78
26.02.2024;10;1 872,70
26.02.2024;11;1 690,58
26.02.2024;12;1 649,49
26.02.2024;13;1 481,82
26.02.2024;14;1 475,99
26.02.2024;15;1 554,62
26.02.2024;16;1 647,46
26.02.2024;17;1 774,28
26.02.2024;18;1 957,16
26.02.2024;19;2 189,00
26.02.2024;20;2 128,12
26.02.2024;21;1 953,11
26.02.2024;22;1 732,18
26.02.2024;23;1 654,05
26.02.2024;24;1 541,18
27.02.2024;1;1 459,80
27.02.2024;2;1 458,03
27.02.2024;3;1 452,96
27.02.2024;4;1 440,80
27.02.2024;5;1 452,96
27.02.2024;6;1 624,73
27.02.2024;7;1 979,68
27.02.2024;8;2 394,41
27.02.2024;9;2 420,51
27.02.2024;10;2 047,32
27.02.2024;11;1 740,77
27.02.2024;12;1 640,70
27.02.2024;13;1 497,05
27.02.2024;14;1 496,79
27.02.2024;15;1 629,29
27.02.2024;16;1 801,32
27.02.2024;17;1 980,69
27.02.2024;18;2 492,20
27.02.2024;19;2 822,32
27.02.2024;20;2 664,48
27.02.2024;21;2 197,56
27.02.2024;22;1 956,37
27.02.2024;23;1 804,11
27.02.2024;24;1 646,02
28.02.2024;1;1 530,13
28.02.2024;2;1 505,79
28.02.2024;3;1 554,97
28.02.2024;4;1 608,71
28.02.2024;5;1 645,22
28.02.2024;6;1 744,59
28.02.2024;7;2 002,65
28.02.2024;8;2 480,50
28.02.2024;9;2 648,82
28.02.2024;10;2 166,41
28.02.2024;11;1 875,65
28.02.2024;12;1 712,39
28.02.2024;13;1 620,63
28.02.2024;14;1 594,77
28.02.2024;15;1 616,57
28.02.2024;16;1 849,54
28.02.2024;17;1 998,59
28.02.2024;18;2 337,52
28.02.2024;19;2 417,38
28.02.2024;20;2 130,92
28.02.2024;21;1 879,96
28.02.2024;22;1 802,39
28.02.2024;23;1 733,18
28.02.2024;24;1 478,16
29.02.2024;1;1 518,56
29.02.2024;2;1 480,26
29.02.2024;3;1 415,09
29.02.2024;4;1 362,34
29.02.2024;5;1 372,74
29.02.2024;6;1 527,18
29.02.2024;7;1 838,60
29.02.2024;8;2 064,56
29.02.2024;9;2 024,74
29.02.2024;10;1 829,72
29.02.2024;11;1 555,84
29.02.2024;12;1 424,98
29.02.2024;13;1 379,33
29.02.2024;14;1 423,20
29.02.2024;15;1 478,23
29.02.2024;16;1 700,13
29.02.2024;17;1 918,48
29.02.2024;18;2 111,22
29.02.2024;19;2 187,55
29.02.2024;20;2 053,91
29.02.2024;21;1 845,45
29.02.2024;22;1 705,46
29.02.2024;23;1 645,86
29.02.2024;24;1 544,42
01.03.2024;1;1 571,47
01.03.2024;2;1 555,77
01.03.2024;3;1 472,69
01.03.2024;4;1 464,83
01.03.2024;5;1 476,74
01.03.2024;6;1 582,87
01.03.2024;7;1 813,12
01.03.2024;8;2 010,19
01.03.2024;9;2 115,06
01.03.2024;10;1 931,92
01.03.2024;11;1 683,43
01.03.2024;12;1 640,37
01.03.2024;13;1 546,65
01.03.2024;14;1 614,28
01.03.2024;15;1 699,90
01.03.2024;16;1 812,11
01.03.2024;17;1 950,92
01.03.2024;18;2 245,25
01.03.2024;19;2 354,68
01.03.2024;20;2 208,52
01.03.2024;21;1 962,82
01.03.2024;22;1 814,14
01.03.2024;23;1 774,62
01.03.2024;24;1 681,66
02.03.2024;1;1 518,53
02.03.2024;2;1 419,24
02.03.2024;3;1 418,99
02.03.2024;4;1 405,31
02.03.2024;5;1 390,11
02.03.2024;6;1 418,23
02.03.2024;7;1 433,17
02.03.2024;8;1 536,77
02.03.2024;9;1 615,04
02.03.2024;10;1 665,45
02.03.2024;11;1 530,95
02.03.2024;12;1 508,66
02.03.2024;13;1 420,00
02.03.2024;14;1 390,62
02.03.2024;15;1 516,25
02.03.2024;16;1 673,81
02.03.2024;17;1 849,09
02.03.2024;18;2 043,12
02.03.2024;19;2 370,89
02.03.2024;20;2 277,17
02.03.2024;21;1 949,90
02.03.2024;22;1 776,39
02.03.2024;23;1 602,63
02.03.2024;24;1 457,24
03.03.2024;1;1 400,50
03.03.2024;2;1 392,14
03.03.2024;3;1 391,12
03.03.2024;4;1 413,16
03.03.2024;5;1 401,51
03.03.2024;6;1 420,51
03.03.2024;7;1 438,49
03.03.2024;8;1 467,62
03.03.2024;9;1 423,55
03.03.2024;10;1 405,31
03.03.2024;11;1 357,69
03.03.2024;12;1 294,87
03.03.2024;13;1 216,60
03.03.2024;14;1 076,78
03.03.2024;15;1 186,46
03.03.2024;16;1 373,14
03.03.2024;17;1 526,89
03.03.2024;18;1 902,28
03.03.2024;19;2 116,58
03.03.2024;20;2 202,70
03.03.2024;21;2 071,99
03.03.2024;22;1 899,75
03.03.2024;23;1 828,32
03.03.2024;24;1 834,40
04.03.2024;1;1 752,79
04.03.2024;2;1 721,61
04.03.2024;3;1 709,18
04.03.2024;4;1 679,01
04.03.2024;5;1 663,03
04.03.2024;6;1 795,90
04.03.2024;7;2 058,32
04.03.2024;8;2 451,07
04.03.2024;9;2 610,80
04.03.2024;10;2 155,68
04.03.2024;11;1 511,92
04.03.2024;12;1 439,40
04.03.2024;13;1 467,04
04.03.2024;14;1 517,50
04.03.2024;15;1 584,69
04.03.2024;16;1 771,30
04.03.2024;17;1 959,43
04.03.2024;18;2 304,26
04.03.2024;19;2 666,84
04.03.2024;20;2 513,44
04.03.2024;21;2 041,59
04.03.2024;22;1 810,09
04.03.2024;23;1 711,97
04.03.2024;24;1 620,95
05.03.2024;1;1 571,00
05.03.2024;2;1 563,64
05.03.2024;3;1 555,02
05.03.2024;4;1 517,75
05.03.2024;5;1 535,50
05.03.2024;6;1 563,64
05.03.2024;7;1 813,64
05.03.2024;8;2 010,14
05.03.2024;9;2 104,97
05.03.2024;10;1 952,34
05.03.2024;11;1 804,01
05.03.2024;12;1 767,75
05.03.2024;13;1 703,60
05.03.2024;14;1 711,21
05.03.2024;15;1 801,22
05.03.2024;16;1 865,87
05.03.2024;17;1 948,03
05.03.2024;18;2 247,97
05.03.2024;19;2 686,62
05.03.2024;20;2 905,18
05.03.2024;21;2 397,32
05.03.2024;22;2 123,48
05.03.2024;23;1 958,93
05.03.2024;24;1 824,55
06.03.2024;1;1 800,56
06.03.2024;2;1 792,95
06.03.2024;3;1 786,87
06.03.2024;4;1 768,61
06.03.2024;5;1 786,87
06.03.2024;6;1 874,36
06.03.2024;7;2 129,73
06.03.2024;8;2 704,39
06.03.2024;9;2 756,63
06.03.2024;10;2 211,65
06.03.2024;11;1 777,99
06.03.2024;12;1 702,92
06.03.2024;13;1 755,67
06.03.2024;14;1 757,19
06.03.2024;15;1 791,43
06.03.2024;16;1 849,51
06.03.2024;17;2 066,33
06.03.2024;18;2 559,59
06.03.2024;19;3 027,98
06.03.2024;20;3 023,17
06.03.2024;21;2 366,34
06.03.2024;22;2 032,60
06.03.2024;23;1 977,57
06.03.2024;24;1 885,26
07.03.2024;1;1 859,65
07.03.2024;2;1 834,04
07.03.2024;3;1 783,82
07.03.2024;4;1 742,49
07.03.2024;5;1 772,41
07.03.2024;6;1 854,58
07.03.2024;7;2 137,09
07.03.2024;8;2 617,15
07.03.2024;9;2 452,31
07.03.2024;10;2 005,72
07.03.2024;11;1 808,42
07.03.2024;12;1 677,82
07.03.2024;13;1 567,76
07.03.2024;14;1 529,97
07.03.2024;15;1 609,35
07.03.2024;16;1 773,43
07.03.2024;17;1 945,62
07.03.2024;18;2 354,68
07.03.2024;19;2 686,39
07.03.2024;20;2 407,93
07.03.2024;21;2 232,95
07.03.2024;22;1 971,49
07.03.2024;23;1 903,52
07.03.2024;24;1 771,14
08.03.2024;1;1 777,93
08.03.2024;2;1 694,42
08.03.2024;3;1 695,69
08.03.2024;4;1 669,88
08.03.2024;5;1 738,96
08.03.2024;6;1 781,73
08.03.2024;7;2 206,09
08.03.2024;8;2 405,24
08.03.2024;9;2 249,36
08.03.2024;10;1 881,68
08.03.2024;11;1 462,63
08.03.2024;12;1 427,20
08.03.2024;13;2 019,09
08.03.2024;14;2 024,40
08.03.2024;15;1 619,52
08.03.2024;16;1 737,95
08.03.2024;17;1 770,84
08.03.2024;18;2 109,68
08.03.2024;19;2 356,40
08.03.2024;20;2 286,05
08.03.2024;21;2 074,25
08.03.2024;22;1 832,59
08.03.2024;23;1 760,22
08.03.2024;24;1 622,56
09.03.2024;1;1 579,79
09.03.2024;2;1 535,00
09.03.2024;3;1 509,44
09.03.2024;4;1 468,45
09.03.2024;5;1 405,95
09.03.2024;6;1 402,91
09.03.2024;7;1 445,17
09.03.2024;8;1 342,68
09.03.2024;9;1 342,68
09.03.2024;10;1 217,68
09.03.2024;11;847,46
09.03.2024;12;197,13
09.03.2024;13;9,62
09.03.2024;14;-18,98
09.03.2024;15;218,89
09.03.2024;16;806,47
09.03.2024;17;1 330,79
09.03.2024;18;1 791,59
09.03.2024;19;1 963,92
09.03.2024;20;1 902,68
09.03.2024;21;1 704,04
09.03.2024;22;1 530,19
09.03.2024;23;1 546,90
09.03.2024;24;1 470,98
10.03.2024;1;1 231,09
10.03.2024;2;1 165,55
10.03.2024;3;1 037,00
10.03.2024;4;899,59
10.03.2024;5;819,63
10.03.2024;6;816,85
10.03.2024;7;858,09
10.03.2024;8;999,29
10.03.2024;9;930,47
10.03.2024;10;744,98
10.03.2024;11;161,19
10.03.2024;12;192,82
10.03.2024;13;30,11
10.03.2024;14;-34,92
10.03.2024;15;145,5
10.03.2024;16;487,88
10.03.2024;17;1 266,01
10.03.2024;18;1 485,91
10.03.2024;19;1 725,04
10.03.2024;20;1 679,49
10.03.2024;21;1 528,68
10.03.2024;22;1 430,49
10.03.2024;23;1 412,78
10.03.2024;24;1 373,30
11.03.2024;1;1 233,83
11.03.2024;2;1 208,51
11.03.2024;3;1 235,61
11.03.2024;4;1 214,84
11.03.2024;5;1 255,87
11.03.2024;6;1 422,51
11.03.2024;7;1 946,23
11.03.2024;8;2 103,50
11.03.2024;9;2 228,60
11.03.2024;10;2 063,23
11.03.2024;11;1 813,52
11.03.2024;12;1 653,47
11.03.2024;13;1 595,48
11.03.2024;14;1 679,55
11.03.2024;15;1 696,78
11.03.2024;16;1 860,12
11.03.2024;17;2 013,34
11.03.2024;18;2 297,48
11.03.2024;19;2 542,12
11.03.2024;20;2 739,41
11.03.2024;21;2 230,12
11.03.2024;22;1 946,48
11.03.2024;23;1 902,67
11.03.2024;24;1 698,80
12.03.2024;1;1 749,95
12.03.2024;2;1 656,70
12.03.2024;3;1 680,71
12.03.2024;4;1 647,60
12.03.2024;5;1 675,40
12.03.2024;6;1 797,71
12.03.2024;7;2 177,26
12.03.2024;8;2 430,47
12.03.2024;9;2 546,96
12.03.2024;10;2 374,12
12.03.2024;11;2 166,90
12.03.2024;12;2 034,74
12.03.2024;13;1 980,92
12.03.2024;14;1 967,27
12.03.2024;15;1 981,42
12.03.2024;16;2 160,59
12.03.2024;17;2 504,76
12.03.2024;18;2 772,62
12.03.2024;19;3 293,69
12.03.2024;20;3 100,38
12.03.2024;21;2 435,52
12.03.2024;22;2 094,13
12.03.2024;23;1 982,68
12.03.2024;24;1 768,90
13.03.2024;1;1 607,68
13.03.2024;2;1 563,71
13.03.2024;3;1 549,30
13.03.2024;4;1 537,17
13.03.2024;5;1 599,84
13.03.2024;6;1 708,25
13.03.2024;7;2 021,60
13.03.2024;8;2 274,30
13.03.2024;9;2 319,53
13.03.2024;10;1 993,80
13.03.2024;11;1 746,16
13.03.2024;12;1 668,58
13.03.2024;13;1 666,05
13.03.2024;14;1 722,91
13.03.2024;15;1 783,81
13.03.2024;16;1 887,92
13.03.2024;17;2 051,67
13.03.2024;18;2 371,34
13.03.2024;19;2 587,65
13.03.2024;20;2 526,50
13.03.2024;21;2 133,55
13.03.2024;22;1 843,95
13.03.2024;23;1 741,10
13.03.2024;24;1 614,25
14.03.2024;1;1 593,64
14.03.2024;2;1 432,74
14.03.2024;3;1 448,35
14.03.2024;4;1 435,26
14.03.2024;5;1 554,61
14.03.2024;6;1 667,42
14.03.2024;7;2 045,88
14.03.2024;8;2 258,65
14.03.2024;9;2 064,51
14.03.2024;10;1 654,58
14.03.2024;11;1 367,78
14.03.2024;12;1 324,22
14.03.2024;13;1 348,64
14.03.2024;14;1 394,47
14.03.2024;15;1 450,62
14.03.2024;16;1 661,88
14.03.2024;17;1 989,98
14.03.2024;18;2 387,32
14.03.2024;19;2 889,91
14.03.2024;20;2 451,27
14.03.2024;21;2 073,07
14.03.2024;22;1 815,48
14.03.2024;23;1 649,29
14.03.2024;24;1 422,92
15.03.2024;1;1 214,74
15.03.2024;2;1 164,43
15.03.2024;3;1 139,02
15.03.2024;4;1 095,00
15.03.2024;5;1 155,12
15.03.2024;6;1 394,59
15.03.2024;7;1 965,36
15.03.2024;8;2 012,40
15.03.2024;9;1 811,16
15.03.2024;10;1 353,34
15.03.2024;11;1 167,70
15.03.2024;12;985,32
15.03.2024;13;982,81
15.03.2024;14;1 052,99
15.03.2024;15;1 098,77
15.03.2024;16;1 312,84
15.03.2024;17;1 739,97
15.03.2024;18;2 218,92
15.03.2024;19;2 423,18
15.03.2024;20;2 213,39
15.03.2024;21;1 811,16
15.03.2024;22;1 609,92
15.03.2024;23;1 606,65
15.03.2024;24;1 233,10
16.03.2024;1;1 303,53
16.03.2024;2;1 049,22
16.03.2024;3;1 014,75
16.03.2024;4;978,03
16.03.2024;5;1 006,20
16.03.2024;6;1 122,17
16.03.2024;7;1 349,06
16.03.2024;8;1 427,30
16.03.2024;9;1 321,90
16.03.2024;10;1 182,54
16.03.2024;11;1 128,96
16.03.2024;12;1 071,10
16.03.2024;13;997,14
16.03.2024;14;739,31
16.03.2024;15;1 477,10
16.03.2024;16;1 472,57
16.03.2024;17;1 641,36
16.03.2024;18;1 837,57
16.03.2024;19;2 061,96
16.03.2024;20;2 230,24
16.03.2024;21;2 015,67
16.03.2024;22;1 837,07
16.03.2024;23;1 820,22
16.03.2024;24;1 687,90
17.03.2024;1;1 634,82
17.03.2024;2;1 512,32
17.03.2024;3;1 406,17
17.03.2024;4;1 459,24
17.03.2024;5;1 495,47
17.03.2024;6;1 490,18
17.03.2024;7;1 535,46
17.03.2024;8;1 391,07
17.03.2024;9;1 247,44
17.03.2024;10;1 172,73
17.03.2024;11;1 048,71
17.03.2024;12;1 025,07
17.03.2024;13;1 044,44
17.03.2024;14;990,1
17.03.2024;15;1 164,68
17.03.2024;16;1 356,11
17.03.2024;17;1 756,57
17.03.2024;18;2 067,24
17.03.2024;19;2 306,21
17.03.2024;20;2 209,87
17.03.2024;21;1 959,32
17.03.2024;22;1 819,46
17.03.2024;23;1 813,68
17.03.2024;24;1 657,97
18.03.2024;1;1 615,82
18.03.2024;2;1 439,93
18.03.2024;3;1 469,41
18.03.2024;4;1 487,30
18.03.2024;5;1 604,48
18.03.2024;6;1 757,70
18.03.2024;7;2 143,76
18.03.2024;8;2 462,29
18.03.2024;9;2 380,14
18.03.2024;10;2 086,56
18.03.2024;11;1 838,09
18.03.2024;12;1 680,08
18.03.2024;13;1 703,02
18.03.2024;14;1 758,96
18.03.2024;15;1 845,40
18.03.2024;16;1 999,12
18.03.2024;17;2 225,41
18.03.2024;18;2 722,10
18.03.2024;19;3 573,86
18.03.2024;20;3 187,04
18.03.2024;21;2 690,60
18.03.2024;22;2 217,60
18.03.2024;23;2 075,47
18.03.2024;24;1 880,68
19.03.2024;1;1 838,28
19.03.2024;2;1 818,83
19.03.2024;3;1 801,90
19.03.2024;4;1 798,11
19.03.2024;5;1 812,26
19.03.2024;6;1 825,90
19.03.2024;7;2 346,36
19.03.2024;8;2 789,76
19.03.2024;9;2 422,16
19.03.2024;10;1 819,33
19.03.2024;11;1 634,39
19.03.2024;12;1 480,28
19.03.2024;13;1 372,40
19.03.2024;14;1 439,35
19.03.2024;15;1 588,92
19.03.2024;16;1 795,84
19.03.2024;17;2 064,40
19.03.2024;18;2 632,61
19.03.2024;19;3 284,70
19.03.2024;20;3 258,17
19.03.2024;21;2 779,15
19.03.2024;22;2 264,25
19.03.2024;23;2 069,46
19.03.2024;24;1 922,67
20.03.2024;1;1 921,91
20.03.2024;2;1 852,89
20.03.2024;3;1 884,49
20.03.2024;4;1 896,88
20.03.2024;5;1 904,47
20.03.2024;6;2 035,19
20.03.2024;7;2 895,39
20.03.2024;8;2 889,32
20.03.2024;9;2 153,78
20.03.2024;10;1 734,30
20.03.2024;11;1 405,34
20.03.2024;12;1 352,50
20.03.2024;13;1 285,24
20.03.2024;14;1 343,14
20.03.2024;15;1 407,11
20.03.2024;16;1 718,87
20.03.2024;17;2 175,02
20.03.2024;18;2 983,63
20.03.2024;19;4 061,02
20.03.2024;20;3 859,25
20.03.2024;21;3 159,36
20.03.2024;22;2 669,84
20.03.2024;23;2 398,03
20.03.2024;24;1 996,76
21.03.2024;1;1 912,18
21.03.2024;2;1 812,95
21.03.2024;3;1 781,14
21.03.2024;4;1 767,25
21.03.2024;5;1 768,01
21.03.2024;6;1 853,35
21.03.2024;7;2 292,70
21.03.2024;8;2 460,11
21.03.2024;9;2 537,12
21.03.2024;10;2 003,08
21.03.2024;11;1 695,29
21.03.2024;12;1 566,51
21.03.2024;13;1 485,21
21.03.2024;14;1 497,33
21.03.2024;15;1 650,34
21.03.2024;16;1 760,68
21.03.2024;17;1 971,27
21.03.2024;18;2 548,99
21.03.2024;19;3 128,48
21.03.2024;20;3 090,35
21.03.2024;21;2 417,44
21.03.2024;22;2 044,24
21.03.2024;23;1 942,99
21.03.2024;24;1 782,65
22.03.2024;1;1 419,45
22.03.2024;2;1 316,70
22.03.2024;3;1 252,01
22.03.2024;4;1 300,21
22.03.2024;5;1 320,76
22.03.2024;6;1 621,14
22.03.2024;7;2 036,45
22.03.2024;8;1 924,32
22.03.2024;9;1 809,64
22.03.2024;10;1 529,30
22.03.2024;11;1 303,76
22.03.2024;12;1 229,68
22.03.2024;13;1 224,10
22.03.2024;14;1 264,70
22.03.2024;15;1 289,30
22.03.2024;16;1 462,07
22.03.2024;17;1 895,65
22.03.2024;18;2 212,77
22.03.2024;19;3 007,36
22.03.2024;20;2 966,77
22.03.2024;21;2 353,83
22.03.2024;22;2 038,99
22.03.2024;23;1 981,90
22.03.2024;24;1 909,85
23.03.2024;1;1 915,69
23.03.2024;2;1 784,02
23.03.2024;3;1 631,80
23.03.2024;4;1 579,79
23.03.2024;5;1 476,03
23.03.2024;6;1 623,17
23.03.2024;7;1 564,82
23.03.2024;8;1 467,40
23.03.2024;9;969,9
23.03.2024;10;398,56
23.03.2024;11;3,3
23.03.2024;12;2,54
23.03.2024;13;38,06
23.03.2024;14;-2,03
23.03.2024;15;0,76
23.03.2024;16;164,91
23.03.2024;17;530,99
23.03.2024;18;1 418,18
23.03.2024;19;1 875,86
23.03.2024;20;1 868,50
23.03.2024;21;1 519,66
23.03.2024;22;1 349,18
23.03.2024;23;1 016,58
23.03.2024;24;734,72
24.03.2024;1;814,38
24.03.2024;2;405,41
24.03.2024;3;407,7
24.03.2024;4;547,99
24.03.2024;5;611,92
24.03.2024;6;743,85
24.03.2024;7;487,61
24.03.2024;8;183,17
24.03.2024;9;0
24.03.2024;10;0
24.03.2024;11;0
24.03.2024;12;0
24.03.2024;13;0
24.03.2024;14;0
24.03.2024;15;0
24.03.2024;16;0,25
24.03.2024;17;900,89
24.03.2024;18;1 693,96
24.03.2024;19;2 046,09
24.03.2024;20;2 075,01
24.03.2024;21;1 858,86
24.03.2024;22;1 806,60
24.03.2024;23;1 730,23
24.03.2024;24;1 649,05
25.03.2024;1;1 579,57
25.03.2024;2;1 565,17
25.03.2024;3;1 567,19
25.03.2024;4;1 618,22
25.03.2024;5;1 672,29
25.03.2024;6;1 953,49
25.03.2024;7;2 260,97
25.03.2024;8;2 876,93
25.03.2024;9;2 518,42
25.03.2024;10;1 928,98
25.03.2024;11;1 720,55
25.03.2024;12;1 559,10
25.03.2024;13;1 523,23
25.03.2024;14;1 574,77
25.03.2024;15;1 601,55
25.03.2024;16;1 898,67
25.03.2024;17;2 143,23
25.03.2024;18;2 836,00
25.03.2024;19;4 323,85
25.03.2024;20;3 776,11
25.03.2024;21;2 779,15
25.03.2024;22;2 175,57
25.03.2024;23;2 066,68
25.03.2024;24;1 916,60
26.03.2024;1;2 019,47
26.03.2024;2;1 852,66
26.03.2024;3;1 772,03
26.03.2024;4;1 744,99
26.03.2024;5;1 805,39
26.03.2024;6;1 868,08
26.03.2024;7;2 068,25
26.03.2024;8;2 002,79
26.03.2024;9;1 825,87
26.03.2024;10;1 567,05
26.03.2024;11;1 251,11
26.03.2024;12;935,93
26.03.2024;13;267,92
26.03.2024;14;687,99
26.03.2024;15;937,7
26.03.2024;16;1 302,93
26.03.2024;17;1 705,56
26.03.2024;18;2 032,36
26.03.2024;19;2 557,07
26.03.2024;20;2 535,08
26.03.2024;21;2 017,96
26.03.2024;22;1 926,71
26.03.2024;23;1 819,04
26.03.2024;24;1 679,78
27.03.2024;1;1 477,42
27.03.2024;2;1 445,52
27.03.2024;3;1 450,33
27.03.2024;4;1 455,39
27.03.2024;5;1 508,82
27.03.2024;6;1 800,25
27.03.2024;7;2 043,58
27.03.2024;8;2 087,89
27.03.2024;9;1 943,31
27.03.2024;10;1 620,23
27.03.2024;11;1 391,08
27.03.2024;12;1 282,71
27.03.2024;13;1 255,62
27.03.2024;14;1 259,16
27.03.2024;15;1 396,15
27.03.2024;16;1 728,34
27.03.2024;17;2 005,34
27.03.2024;18;2 293,49
27.03.2024;19;2 956,62
27.03.2024;20;2 960,16
27.03.2024;21;2 465,41
27.03.2024;22;2 055,98
27.03.2024;23;2 025,35
27.03.2024;24;1 837,98
28.03.2024;1;1 692,15
28.03.2024;2;1 538,29
28.03.2024;3;1 565,37
28.03.2024;4;1 569,16
28.03.2024;5;1 629,39
28.03.2024;6;1 769,83
28.03.2024;7;2 031,49
28.03.2024;8;2 050,72
28.03.2024;9;1 993,78
28.03.2024;10;1 566,38
28.03.2024;11;1 178,96
28.03.2024;12;925,15
28.03.2024;13;172,07
28.03.2024;14;1,27
28.03.2024;15;41,75
28.03.2024;16;1 037,76
28.03.2024;17;908,7
28.03.2024;18;1 542,09
28.03.2024;19;1 920,40
28.03.2024;20;2 007,95
28.03.2024;21;1 813,36
28.03.2024;22;1 534,50
28.03.2024;23;1 054,71
28.03.2024;24;632,63
29.03.2024;1;521,28
29.03.2024;2;476,49
29.03.2024;3;314,54
29.03.2024;4;259,12
29.03.2024;5;318,59
29.03.2024;6;362,37
29.03.2024;7;557,22
29.03.2024;8;595,68
29.03.2024;9;403,36
29.03.2024;10;336,05
29.03.2024;11;427,15
29.03.2024;12;481,05
29.03.2024;13;330,74
29.03.2024;14;249,51
29.03.2024;15;340,1
29.03.2024;16;545,07
29.03.2024;17;1 230,84
29.03.2024;18;1 987,71
29.03.2024;19;2 464,20
29.03.2024;20;2 668,92
29.03.2024;21;2 211,66
29.03.2024;22;2 005,93
29.03.2024;23;1 920,40
29.03.2024;24;1 771,35
30.03.2024;1;1 753,64
30.03.2024;2;1 471,74
30.03.2024;3;1 492,49
30.03.2024;4;1 498,82
30.03.2024;5;1 523,87
30.03.2024;6;1 646,09
30.03.2024;7;1 475,03
30.03.2024;8;1 180,98
30.03.2024;9;993,47
30.03.2024;10;879,1
30.03.2024;11;665,27
30.03.2024;12;414,5
30.03.2024;13;171,06
30.03.2024;14;79,71
30.03.2024;15;368,95
30.03.2024;16;746,75
30.03.2024;17;1 329,02
30.03.2024;18;1 879,15
30.03.2024;19;2 123,09
30.03.2024;20;2 090,45
30.03.2024;21;1 908,00
30.03.2024;22;1 798,17
30.03.2024;23;1 792,35
30.03.2024;24;1 663,55
31.03.2024;1;1 660,77
31.03.2024;2;1 419,36
31.03.2024;3;1 130,63
31.03.2024;4;1 128,10
31.03.2024;5;1 226,03
31.03.2024;6;1 037,76
31.03.2024;7;1 133,41
31.03.2024;8;1 099,50
31.03.2024;9;556,46
31.03.2024;10;438,79
31.03.2024;11;223,44
31.03.2024;12;123,24
31.03.2024;13;-1,27
31.03.2024;14;7,59
31.03.2024;15;133,36
31.03.2024;16;515,72
31.03.2024;17;1 372,29
31.03.2024;18;1 855,36
31.03.2024;19;2 451,30
31.03.2024;20;1 896,61
31.03.2024;21;1 730,10
31.03.2024;22;1 600,79
31.03.2024;23;1 297,89
01.04.2024;1;1 173,90
01.04.2024;2;1 077,99
01.04.2024;3;1 047,63
01.04.2024;4;1 086,85
01.04.2024;5;1 223,50
01.04.2024;6;1 292,07
01.04.2024;7;1 444,66
01.04.2024;8;1 586,37
01.04.2024;9;1 234,13
01.04.2024;10;1 002,84
01.04.2024;11;875,05
01.04.2024;12;567,09
01.04.2024;13;209,53
01.04.2024;14;0,76
01.04.2024;15;-0,25
01.04.2024;16;-0,25
01.04.2024;17;-0,25
01.04.2024;18;144,75
01.04.2024;19;1 042,31
01.04.2024;20;1 236,91
01.04.2024;21;1 265,25
01.04.2024;22;1 138,73
01.04.2024;23;670,58
01.04.2024;24;212,56
02.04.2024;1;233,06
02.04.2024;2;60,61
02.04.2024;3;27,14
02.04.2024;4;26,63
02.04.2024;5;45,9
02.04.2024;6;182,34
02.04.2024;7;1 435,63
02.04.2024;8;1 875,63
02.04.2024;9;1 741,22
02.04.2024;10;1 192,43
02.04.2024;11;99,41
02.04.2024;12;15,98
02.04.2024;13;7,86
02.04.2024;14;-5,58
02.04.2024;15;-0,51
02.04.2024;16;0
02.04.2024;17;109,3
02.04.2024;18;1 044,58
02.04.2024;19;1 840,63
02.04.2024;20;2 427,21
02.04.2024;21;2 419,34
02.04.2024;22;1 975,29
02.04.2024;23;1 864,97
02.04.2024;24;1 764,30
03.04.2024;1;1 845,08
03.04.2024;2;1 777,13
03.04.2024;3;1 741,64
03.04.2024;4;1 792,35
03.04.2024;5;1 789,81
03.04.2024;6;1 921,91
03.04.2024;7;2 393,77
03.04.2024;8;2 902,39
03.04.2024;9;2 851,17
03.04.2024;10;2 209,69
03.04.2024;11;1 970,84
03.04.2024;12;1 903,65
03.04.2024;13;1 844,32
03.04.2024;14;1 782,96
03.04.2024;15;1 727,18
03.04.2024;16;1 823,79
03.04.2024;17;1 914,81
03.04.2024;18;2 377,03
03.04.2024;19;2 789,05
03.04.2024;20;3 220,34
03.04.2024;21;2 721,86
03.04.2024;22;2 181,29
03.04.2024;23;2 026,88
03.04.2024;24;1 745,44
04.04.2024;1;1 411,79
04.04.2024;2;1 361,17
04.04.2024;3;1 254,62
04.04.2024;4;1 290,05
04.04.2024;5;1 450,52
04.04.2024;6;1 550,24
04.04.2024;7;2 013,92
04.04.2024;8;2 277,90
04.04.2024;9;1 918,75
04.04.2024;10;1 784,61
04.04.2024;11;1 681,85
04.04.2024;12;1 560,36
04.04.2024;13;1 418,88
04.04.2024;14;1 373,83
04.04.2024;15;1 364,46
04.04.2024;16;1 381,17
04.04.2024;17;1 403,44
04.04.2024;18;1 690,96
04.04.2024;19;1 979,50
04.04.2024;20;2 503,92
04.04.2024;21;2 031,63
04.04.2024;22;1 833,96
04.04.2024;23;1 782,33
04.04.2024;24;1 531,51
05.04.2024;1;1 510,83
05.04.2024;2;1 416,24
05.04.2024;3;1 363,38
05.04.2024;4;1 394,49
05.04.2024;5;1 308,76
05.04.2024;6;1 512,09
05.04.2024;7;1 887,39
05.04.2024;8;2 086,93
05.04.2024;9;1 994,12
05.04.2024;10;1 660,04
05.04.2024;11;1 229,85
05.04.2024;12;612,78
05.04.2024;13;215,47
05.04.2024;14;0,25
05.04.2024;15;23,77
05.04.2024;16;328,52
05.04.2024;17;574,59
05.04.2024;18;1 261,72
05.04.2024;19;1 686,84
05.04.2024;20;2 159,26
05.04.2024;21;2 623,33
05.04.2024;22;1 891,95
05.04.2024;23;1 720,23
05.04.2024;24;1 466,82
06.04.2024;1;1 351,25
06.04.2024;2;1 163,59
06.04.2024;3;1 166,63
06.04.2024;4;1 186,61
06.04.2024;5;1 234,15
06.04.2024;6;1 359,34
06.04.2024;7;1 454,68
06.04.2024;8;1 491,86
06.04.2024;9;1 464,54
06.04.2024;10;1 197,99
06.04.2024;11;674,74
06.04.2024;12;247,34
06.04.2024;13;-75,87
06.04.2024;14;-567,51
06.04.2024;15;-1 114,02
06.04.2024;16;-594,57
06.04.2024;17;-87,76
06.04.2024;18;921,06
06.04.2024;19;1 902,31
06.04.2024;20;2 184,80
06.04.2024;21;2 097,05
06.04.2024;22;1 710,62
06.04.2024;23;1 528,78
06.04.2024;24;1 092,53
07.04.2024;1;265,8
07.04.2024;2;0
07.04.2024;3;0
07.04.2024;4;0
07.04.2024;5;0
07.04.2024;6;0
07.04.2024;7;0
07.04.2024;8;0
07.04.2024;9;0
07.04.2024;10;-0,25
07.04.2024;11;-4,05
07.04.2024;12;-82,19
07.04.2024;13;-230,39
07.04.2024;14;-623,15
07.04.2024;15;-505,55
07.04.2024;16;-127,46
07.04.2024;17;-4,05
07.04.2024;18;170,2
07.04.2024;19;2 248,53
07.04.2024;20;2 691,87
07.04.2024;21;2 690,86
07.04.2024;22;2 299,62
07.04.2024;23;1 986,02
07.04.2024;24;1 839,09
08.04.2024;1;1 722,37
08.04.2024;2;1 741,64
08.04.2024;3;1 663,29
08.04.2024;4;1 721,86
08.04.2024;5;1 743,16
08.04.2024;6;1 897,82
08.04.2024;7;2 505,07
08.04.2024;8;3 470,85
08.04.2024;9;2 805,02
08.04.2024;10;1 926,73
08.04.2024;11;1 077,59
08.04.2024;12;881,59
08.04.2024;13;857,76
08.04.2024;14;800,2
08.04.2024;15;829,11
08.04.2024;16;1 013,44
08.04.2024;17;1 485,55
08.04.2024;18;1 849,65
08.04.2024;19;2 595,34
08.04.2024;20;3 380,58
08.04.2024;21;3 078,10
08.04.2024;22;2 156,44
08.04.2024;23;1 868,92
08.04.2024;24;1 730,99
09.04.2024;1;1 890,30
09.04.2024;2;1 731,93
09.04.2024;3;1 642,85
09.04.2024;4;1 521,53
09.04.2024;5;1 580,67
09.04.2024;6;1 787,77
09.04.2024;7;2 228,62
09.04.2024;8;2 337,75
09.04.2024;9;2 024,82
09.04.2024;10;1 644,88
09.04.2024;11;1 253,01
09.04.2024;12;1 093,62
09.04.2024;13;903,53
09.04.2024;14;249,74
09.04.2024;15;259,89
09.04.2024;16;741,1
09.04.2024;17;971,04
09.04.2024;18;1 314,18
09.04.2024;19;1 903,50
09.04.2024;20;2 364,91
09.04.2024;21;2 350,44
09.04.2024;22;2 029,13
09.04.2024;23;1 534,98
09.04.2024;24;800,99
10.04.2024;1;575,53
10.04.2024;2;146,36
10.04.2024;3;169,44
10.04.2024;4;240,71
10.04.2024;5;635,14
10.04.2024;6;1 269,01
10.04.2024;7;1 942,20
10.04.2024;8;2 527,12
10.04.2024;9;2 685,65
10.04.2024;10;2 025,14
10.04.2024;11;1 728,63
10.04.2024;12;1 408,01
10.04.2024;13;1 205,35
10.04.2024;14;763,49
10.04.2024;15;771,6
10.04.2024;16;1 331,16
10.04.2024;17;1 554,37
10.04.2024;18;1 883,35
10.04.2024;19;2 500,74
10.04.2024;20;4 679,59
10.04.2024;21;4 694,30
10.04.2024;22;2 891,36
10.04.2024;23;2 169,22
10.04.2024;24;1 932,05
11.04.2024;1;1 796,19
11.04.2024;2;1 658,04
11.04.2024;3;1 530,81
11.04.2024;4;1 495,51
11.04.2024;5;1 504,65
11.04.2024;6;1 551,38
11.04.2024;7;1 935,86
11.04.2024;8;2 173,30
11.04.2024;9;1 325,62
11.04.2024;10;762,61
11.04.2024;11;253,19
11.04.2024;12;16,76
11.04.2024;13;18,28
11.04.2024;14;22,86
11.04.2024;15;7,62
11.04.2024;16;720,46
11.04.2024;17;1 428,47
11.04.2024;18;1 889,64
11.04.2024;19;2 448,84
11.04.2024;20;3 202,06
11.04.2024;21;3 431,37
11.04.2024;22;2 487,44
11.04.2024;23;2 081,37
11.04.2024;24;1 913,77
12.04.2024;1;1 895,95
12.04.2024;2;1 752,08
12.04.2024;3;1 656,08
12.04.2024;4;1 666,46
12.04.2024;5;1 706,99
12.04.2024;6;1 927,36
12.04.2024;7;2 249,56
12.04.2024;8;2 429,91
12.04.2024;9;2 141,15
12.04.2024;10;1 741,18
12.04.2024;11;1 063,35
12.04.2024;12;484,06
12.04.2024;13;0
12.04.2024;14;-1,77
12.04.2024;15;-3,55
12.04.2024;16;1,27
12.04.2024;17;5,32
12.04.2024;18;1 504,60
12.04.2024;19;2 075,29
12.04.2024;20;3 113,06
12.04.2024;21;3 117,87
12.04.2024;22;2 187,25
12.04.2024;23;1 975,49
12.04.2024;24;1 724,97
13.04.2024;1;1 521,32
13.04.2024;2;1 242,94
13.04.2024;3;618,31
13.04.2024;4;491,4
13.04.2024;5;500,77
13.04.2024;6;641,36
13.04.2024;7;764,46
13.04.2024;8;893,14
13.04.2024;9;565,87
13.04.2024;10;222,9
13.04.2024;11;-0,51
13.04.2024;12;-250,26
13.04.2024;13;-647,18
13.04.2024;14;-1 266,50
13.04.2024;15;-1 393,40
13.04.2024;16;-1 264,22
13.04.2024;17;-494,44
13.04.2024;18;-8,87
13.04.2024;19;996,74
13.04.2024;20;1 905,58
13.04.2024;21;1 878,47
13.04.2024;22;1 386,82
13.04.2024;23;1 276,13
13.04.2024;24;1 189,75
14.04.2024;1;73,96
14.04.2024;2;51,67
14.04.2024;3;32,42
14.04.2024;4;30,14
14.04.2024;5;63,83
14.04.2024;6;132,48
14.04.2024;7;325,74
14.04.2024;8;329,29
14.04.2024;9;188,46
14.04.2024;10;0
14.04.2024;11;-56,74
14.04.2024;12;-299,65
14.04.2024;13;-1 058,03
14.04.2024;14;-1 498,52
14.04.2024;15;-1 505,36
14.04.2024;16;-1 014,47
14.04.2024;17;-158,31
14.04.2024;18;39,77
14.04.2024;19;1 687,23
14.04.2024;20;2 143,93
14.04.2024;21;2 889,65
14.04.2024;22;2 725,00
14.04.2024;23;2 478,03
14.04.2024;24;2 174,58
15.04.2024;1;2 015,11
15.04.2024;2;1 972,31
15.04.2024;3;1 865,95
15.04.2024;4;1 888,99
15.04.2024;5;1 814,54
15.04.2024;6;2 060,95
15.04.2024;7;2 900,22
15.04.2024;8;4 283,72
15.04.2024;9;3 756,71
15.04.2024;10;2 226,57
15.04.2024;11;1 894,82
15.04.2024;12;1 519,50
15.04.2024;13;1 118,10
15.04.2024;14;908,66
15.04.2024;15;409,76
15.04.2024;16;1 515,96
15.04.2024;17;2 272,92
15.04.2024;18;2 438,29
15.04.2024;19;2 150,60
15.04.2024;20;2 396,76
15.04.2024;21;2 389,92
15.04.2024;22;2 042,71
15.04.2024;23;1 646,13
15.04.2024;24;1 276,38
16.04.2024;1;1 135,83
16.04.2024;2;773,2
16.04.2024;3;306,35
16.04.2024;4;351,52
16.04.2024;5;802,22
16.04.2024;6;1 161,06
16.04.2024;7;1 778,31
16.04.2024;8;2 286,04
16.04.2024;9;2 333,99
16.04.2024;10;2 239,86
16.04.2024;11;1 591,82
16.04.2024;12;1 390,70
16.04.2024;13;1 305,41
16.04.2024;14;1 205,22
16.04.2024;15;1 244,84
16.04.2024;16;1 468,17
16.04.2024;17;1 900,70
16.04.2024;18;2 107,38
16.04.2024;19;2 386,22
16.04.2024;20;2 876,54
16.04.2024;21;2 981,52
16.04.2024;22;2 558,83
16.04.2024;23;2 256,01
16.04.2024;24;2 046,05
17.04.2024;1;2 024,46
17.04.2024;2;1 867,27
17.04.2024;3;1 737,09
17.04.2024;4;1 670,98
17.04.2024;5;1 763,58
17.04.2024;6;1 885,19
17.04.2024;7;2 564,13
17.04.2024;8;3 412,61
17.04.2024;9;3 277,88
17.04.2024;10;2 369,60
17.04.2024;11;2 001,50
17.04.2024;12;1 927,07
17.04.2024;13;1 973,74
17.04.2024;14;1 940,69
17.04.2024;15;1 870,81
17.04.2024;16;1 856,17
17.04.2024;17;1 944,22
17.04.2024;18;2 192,49
17.04.2024;19;2 878,49
17.04.2024;20;3 686,10
17.04.2024;21;3 864,48
17.04.2024;22;3 168,89
17.04.2024;23;2 414,26
17.04.2024;24;2 130,67
18.04.2024;1;2 317,81
18.04.2024;2;2 157,88
18.04.2024;3;2 149,55
18.04.2024;4;2 126,56
18.04.2024;5;2 221,05
18.04.2024;6;2 302,91
18.04.2024;7;2 991,63
18.04.2024;8;3 790,26
18.04.2024;9;3 314,52
18.04.2024;10;2 554,80
18.04.2024;11;2 236,46
18.04.2024;12;2 078,55
18.04.2024;13;2 004,53
18.04.2024;14;1 921,91
18.04.2024;15;1 813,77
18.04.2024;16;1 750,11
18.04.2024;17;1 790,78
18.04.2024;18;2 111,14
18.04.2024;19;2 519,43
18.04.2024;20;3 198,55
18.04.2024;21;3 305,17
18.04.2024;22;2 722,56
18.04.2024;23;2 272,08
18.04.2024;24;2 022,21
19.04.2024;1;2 016,91
19.04.2024;2;1 576,03
19.04.2024;3;1 280,43
19.04.2024;4;1 287,76
19.04.2024;5;1 313,28
19.04.2024;6;1 557,84
19.04.2024;7;2 205,38
19.04.2024;8;2 109,12
19.04.2024;9;2 039,90
19.04.2024;10;1 869,61
19.04.2024;11;1 607,87
19.04.2024;12;1 409,53
19.04.2024;13;1 252,89
19.04.2024;14;1 186,70
19.04.2024;15;1 151,33
19.04.2024;16;1 559,36
19.04.2024;17;1 652,84
19.04.2024;18;1 943,13
19.04.2024;19;2 202,60
19.04.2024;20;2 435,29
19.04.2024;21;2 307,71
19.04.2024;22;2 161,42
19.04.2024;23;1 996,19
19.04.2024;24;1 806,45
20.04.2024;1;1 734,19
20.04.2024;2;1 639,95
20.04.2024;3;1 522,47
20.04.2024;4;1 542,93
20.04.2024;5;1 556,83
20.04.2024;6;1 642,23
20.04.2024;7;1 743,03
20.04.2024;8;1 799,88
20.04.2024;9;1 643,24
20.04.2024;10;1 465,37
20.04.2024;11;1 260,47
20.04.2024;12;967,14
20.04.2024;13;721,57
20.04.2024;14;299,39
20.04.2024;15;255,18
20.04.2024;16;446,18
20.04.2024;17;931,77
20.04.2024;18;1 568,96
20.04.2024;19;2 060,11
20.04.2024;20;2 325,39
20.04.2024;21;2 570,71
20.04.2024;22;2 354,95
20.04.2024;23;2 178,60
20.04.2024;24;2 094,47
21.04.2024;1;2 067,18
21.04.2024;2;1 738,49
21.04.2024;3;1 712,97
21.04.2024;4;1 627,07
21.04.2024;5;1 613,93
21.04.2024;6;1 607,36
21.04.2024;7;1 627,82
21.04.2024;8;1 528,03
21.04.2024;9;1 528,03
21.04.2024;10;1 302,41
21.04.2024;11;842,34
21.04.2024;12;656,89
21.04.2024;13;152,35
21.04.2024;14;2,02
21.04.2024;15;-24,76
21.04.2024;16;11,62
21.04.2024;17;154,12
21.04.2024;18;1 490,38
21.04.2024;19;1 946,67
21.04.2024;20;2 259,70
21.04.2024;21;2 438,58
21.04.2024;22;2 323,88
21.04.2024;23;2 258,94
21.04.2024;24;2 234,94
22.04.2024;1;1 995,97
22.04.2024;2;1 972,71
22.04.2024;3;1 982,57
22.04.2024;4;1 990,41
22.04.2024;5;1 981,31
22.04.2024;6;2 178,71
22.04.2024;7;2 684,71
22.04.2024;8;3 288,28
22.04.2024;9;2 968,80
22.04.2024;10;2 452,94
22.04.2024;11;2 074,32
22.04.2024;12;2 053,34
22.04.2024;13;1 945,67
22.04.2024;14;1 856,95
22.04.2024;15;1 856,70
22.04.2024;16;1 960,08
22.04.2024;17;2 122,34
22.04.2024;18;2 434,24
22.04.2024;19;2 987,51
22.04.2024;20;4 128,42
22.04.2024;21;4 310,65
22.04.2024;22;3 323,41
22.04.2024;23;2 711,25
22.04.2024;24;2 466,84
23.04.2024;1;2 231,41
23.04.2024;2;2 190,22
23.04.2024;3;2 171,53
23.04.2024;4;2 160,92
23.04.2024;5;2 183,40
23.04.2024;6;2 485,57
23.04.2024;7;3 067,17
23.04.2024;8;4 602,53
23.04.2024;9;3 443,11
23.04.2024;10;2 485,07
23.04.2024;11;2 091,18
23.04.2024;12;2 116,45
23.04.2024;13;2 274,10
23.04.2024;14;2 066,93
23.04.2024;15;1 986,33
23.04.2024;16;2 031,05
23.04.2024;17;2 195,28
23.04.2024;18;2 455,00
23.04.2024;19;2 736,45
23.04.2024;20;3 239,98
23.04.2024;21;3 314,52
23.04.2024;22;2 814,52
23.04.2024;23;2 402,45
23.04.2024;24;2 068,70
24.04.2024;1;2 097,79
24.04.2024;2;2 011,99
24.04.2024;3;1 978,42
24.04.2024;4;1 949,66
24.04.2024;5;2 012,49
24.04.2024;6;2 130,09
24.04.2024;7;2 667,09
24.04.2024;8;3 219,99
24.04.2024;9;2 885,88
24.04.2024;10;2 482,87
24.04.2024;11;2 347,36
24.04.2024;12;2 320,86
24.04.2024;13;2 254,24
24.04.2024;14;2 184,85
24.04.2024;15;2 073,31
24.04.2024;16;2 115,45
24.04.2024;17;2 188,88
24.04.2024;18;2 381,18
24.04.2024;19;2 725,89
24.04.2024;20;3 397,39
24.04.2024;21;3 584,38
24.04.2024;22;3 078,67
24.04.2024;23;2 696,86
24.04.2024;24;2 285,53
25.04.2024;1;2 100,44
25.04.2024;2;2 012,40
25.04.2024;3;1 951,27
25.04.2024;4;1 940,21
25.04.2024;5;1 935,68
25.04.2024;6;2 125,09
25.04.2024;7;2 656,37
25.04.2024;8;3 242,23
25.04.2024;9;2 841,01
25.04.2024;10;2 318,03
25.04.2024;11;2 011,14
25.04.2024;12;1 967,12
25.04.2024;13;1 859,46
25.04.2024;14;1 724,88
25.04.2024;15;1 666,02
25.04.2024;16;1 749,78
25.04.2024;17;1 847,64
25.04.2024;18;2 059,19
25.04.2024;19;2 518,27
25.04.2024;20;3 564,21
25.04.2024;21;3 830,86
25.04.2024;22;2 873,96
25.04.2024;23;2 297,91
25.04.2024;24;2 005,86
26.04.2024;1;2 009,93
26.04.2024;2;1 862,21
26.04.2024;3;1 879,83
26.04.2024;4;1 863,97
26.04.2024;5;1 940,22
26.04.2024;6;2 129,97
26.04.2024;7;2 447,05
26.04.2024;8;2 618,67
26.04.2024;9;2 417,35
26.04.2024;10;2 040,38
26.04.2024;11;1 845,35
26.04.2024;12;1 835,79
26.04.2024;13;1 770,36
26.04.2024;14;1 729,84
26.04.2024;15;1 645,04
26.04.2024;16;1 759,54
26.04.2024;17;1 802,32
26.04.2024;18;2 022,26
26.04.2024;19;2 405,77
26.04.2024;20;3 300,39
26.04.2024;21;3 534,17
26.04.2024;22;2 774,95
26.04.2024;23;2 325,50
26.04.2024;24;2 221,06
27.04.2024;1;2 273,15
27.04.2024;2;2 237,17
27.04.2024;3;2 179,04
27.04.2024;4;2 240,44
27.04.2024;5;2 167,46
27.04.2024;6;2 147,58
27.04.2024;7;2 118,14
27.04.2024;8;1 972,18
27.04.2024;9;1 712,73
27.04.2024;10;1 453,03
27.04.2024;11;906,44
27.04.2024;12;212,14
27.04.2024;13;0,76
27.04.2024;14;-2,01
27.04.2024;15;0
27.04.2024;16;0
27.04.2024;17;497,26
27.04.2024;18;1 527,26
27.04.2024;19;2 131,73
27.04.2024;20;2 974,50
27.04.2024;21;2 868,06
27.04.2024;22;2 116,88
27.04.2024;23;1 903,48
27.04.2024;24;1 641,51
28.04.2024;1;1 419,05
28.04.2024;2;1 163,88
28.04.2024;3;996,53
28.04.2024;4;795,97
28.04.2024;5;704,12
28.04.2024;6;656,3
28.04.2024;7;249,64
28.04.2024;8;2,52
28.04.2024;9;-1,76
28.04.2024;10;-25,67
28.04.2024;11;-418,24
28.04.2024;12;-923,56
28.04.2024;13;-1 637,74
28.04.2024;14;-1 487,76
28.04.2024;15;-1 637,24
28.04.2024;16;-1 319,40
28.04.2024;17;-604,97
28.04.2024;18;-0,5
28.04.2024;19;639,95
28.04.2024;20;1 818,17
28.04.2024;21;2 100,77
28.04.2024;22;1 976,96
28.04.2024;23;1 817,17
28.04.2024;24;1 684,55
29.04.2024;1;1 589,80
29.04.2024;2;1 511,76
29.04.2024;3;1 483,56
29.04.2024;4;1 570,92
29.04.2024;5;1 924,38
29.04.2024;6;2 132,57
29.04.2024;7;2 654,20
29.04.2024;8;2 900,92
29.04.2024;9;2 527,82
29.04.2024;10;1 927,65
29.04.2024;11;1 291,98
29.04.2024;12;855,95
29.04.2024;13;770,61
29.04.2024;14;392,73
29.04.2024;15;506,02
29.04.2024;16;902,52
29.04.2024;17;1 200,34
29.04.2024;18;2 147,93
29.04.2024;19;2 632,30
29.04.2024;20;4 492,48
29.04.2024;21;5 140,48
29.04.2024;22;2 736,27
29.04.2024;23;2 198,03
29.04.2024;24;2 037,16
30.04.2024;1;1 860,73
30.04.2024;2;1 683,46
30.04.2024;3;1 773,23
30.04.2024;4;1 767,44
30.04.2024;5;1 765,43
30.04.2024;6;1 980,17
30.04.2024;7;2 385,76
30.04.2024;8;2 573,09
30.04.2024;9;2 120,23
30.04.2024;10;1 821,76
30.04.2024;11;1 171,25
30.04.2024;12;572,05
30.04.2024;13;479,77
30.04.2024;14;242,15
30.04.2024;15;179,28
30.04.2024;16;481,28
30.04.2024;17;1 140,07
30.04.2024;18;1 663,34
30.04.2024;19;2 167,50
30.04.2024;20;3 041,29
30.04.2024;21;3 289,22
30.04.2024;22;2 220,05
30.04.2024;23;1 961,06
30.04.2024;24;1 909,26
01.05.2024;1;1 688,74
01.05.2024;2;1 416,92
01.05.2024;3;1 301,25
01.05.2024;4;1 148,62
01.05.2024;5;1 226,57
01.05.2024;6;1 158,18
01.05.2024;7;1 103,36
01.05.2024;8;773,21
01.05.2024;9;255,47
01.05.2024;10;2,01
01.05.2024;11;-31,18
01.05.2024;12;-982,92
01.05.2024;13;-2 256,01
01.05.2024;14;-2 887,65
01.05.2024;15;-2 890,67
01.05.2024;16;-1 965,33
01.05.2024;17;-508,43
01.05.2024;18;-29,67
01.05.2024;19;403,07
01.05.2024;20;1 321,62
01.05.2024;21;1 250,46
01.05.2024;22;805,65
01.05.2024;23;758,63
01.05.2024;24;634,16
02.05.2024;1;368,57
02.05.2024;2;290,54
02.05.2024;3;271,98
02.05.2024;4;218,28
02.05.2024;5;280,51
02.05.2024;6;804,39
02.05.2024;7;1 989,64
02.05.2024;8;2 087,74
02.05.2024;9;1 630,85
02.05.2024;10;789,08
02.05.2024;11;163,09
02.05.2024;12;34,12
02.05.2024;13;-17,56
02.05.2024;14;-70
02.05.2024;15;-0,75
02.05.2024;16;127,46
02.05.2024;17;212,01
02.05.2024;18;1 709,13
02.05.2024;19;2 057,38
02.05.2024;20;2 224,23
02.05.2024;21;2 192,11
02.05.2024;22;2 073,44
02.05.2024;23;1 989,89
02.05.2024;24;1 781,89
03.05.2024;1;1 526,28
03.05.2024;2;1 483,48
03.05.2024;3;1 485,23
03.05.2024;4;1 495,74
03.05.2024;5;1 520,77
03.05.2024;6;1 810,31
03.05.2024;7;2 171,17
03.05.2024;8;2 171,67
03.05.2024;9;2 298,80
03.05.2024;10;2 187,94
03.05.2024;11;1 996,75
03.05.2024;12;1 875,62
03.05.2024;13;1 766,52
03.05.2024;14;1 620,62
03.05.2024;15;1 561,31
03.05.2024;16;1 654,40
03.05.2024;17;1 792,29
03.05.2024;18;2 026,78
03.05.2024;19;2 211,96
03.05.2024;20;2 711,71
03.05.2024;21;3 104,35
03.05.2024;22;2 703,45
03.05.2024;23;2 345,09
03.05.2024;24;2 115,36
04.05.2024;1;2 270,77
04.05.2024;2;2 194,19
04.05.2024;3;2 155,15
04.05.2024;4;2 191,19
04.05.2024;5;2 258,76
04.05.2024;6;2 298,80
04.05.2024;7;2 293,54
04.05.2024;8;2 223,47
04.05.2024;9;1 758,51
04.05.2024;10;1 431,68
04.05.2024;11;1 030,28
04.05.2024;12;737,49
04.05.2024;13;530,78
04.05.2024;14;309,06
04.05.2024;15;309,31
04.05.2024;16;639,89
04.05.2024;17;1 340,09
04.05.2024;18;1 958,96
04.05.2024;19;2 425,42
04.05.2024;20;3 014,26
04.05.2024;21;3 348,10
04.05.2024;22;2 818,82
04.05.2024;23;2 243,74
04.05.2024;24;2 080,58
05.05.2024;1;2 259,51
05.05.2024;2;2 120,37
05.05.2024;3;2 088,34
05.05.2024;4;2 012,01
05.05.2024;5;1 863,36
05.05.2024;6;1 765,26
05.05.2024;7;1 526,53
05.05.2024;8;1 272,02
05.05.2024;9;927,68
05.05.2024;10;578,58
05.05.2024;11;205,21
05.05.2024;12;11,01
05.05.2024;13;0
05.05.2024;14;-1
05.05.2024;15;-24,27
05.05.2024;16;-2,5
05.05.2024;17;0
05.05.2024;18;800,8
05.05.2024;19;2 152,15
05.05.2024;20;2 395,89
05.05.2024;21;2 789,29
05.05.2024;22;2 674,42
05.05.2024;23;2 469,22
05.05.2024;24;2 217,47
06.05.2024;1;2 071,09
06.05.2024;2;1 972,36
06.05.2024;3;1 989,35
06.05.2024;4;1 979,60
06.05.2024;5;2 030,84
06.05.2024;6;2 215,06
06.05.2024;7;2 626,73
06.05.2024;8;3 240,35
06.05.2024;9;2 504,50
06.05.2024;10;2 134,32
06.05.2024;11;1 767,15
06.05.2024;12;1 550,19
06.05.2024;13;1 548,94
06.05.2024;14;1 454,21
06.05.2024;15;1 417,22
06.05.2024;16;1 640,92
06.05.2024;17;2 039,34
06.05.2024;18;2 282,04
06.05.2024;19;2 653,97
06.05.2024;20;3 392,82
06.05.2024;21;3 594,53
06.05.2024;22;2 690,71
06.05.2024;23;2 363,53
06.05.2024;24;2 110,08
07.05.2024;1;2 043,66
07.05.2024;2;1 978,40
07.05.2024;3;1 929,89
07.05.2024;4;1 991,15
07.05.2024;5;1 992,15
07.05.2024;6;2 051,66
07.05.2024;7;2 470,74
07.05.2024;8;3 051,61
07.05.2024;9;2 817,06
07.05.2024;10;2 294,21
07.05.2024;11;2 131,43
07.05.2024;12;2 063,66
07.05.2024;13;1 852,87
07.05.2024;14;1 768,60
07.05.2024;15;1 653,33
07.05.2024;16;1 866,62
07.05.2024;17;2 080,67
07.05.2024;18;2 254,45
07.05.2024;19;2 632,28
07.05.2024;20;3 346,92
07.05.2024;21;3 746,50
07.05.2024;22;3 012,35
07.05.2024;23;2 515,00
07.05.2024;24;2 171,68
08.05.2024;1;2 040,41
08.05.2024;2;1 955,39
08.05.2024;3;1 955,39
08.05.2024;4;2 001,15
08.05.2024;5;2 018,15
08.05.2024;6;2 210,44
08.05.2024;7;2 620,27
08.05.2024;8;2 911,83
08.05.2024;9;2 604,77
08.05.2024;10;2 226,95
08.05.2024;11;2 062,41
08.05.2024;12;1 913,13
08.05.2024;13;1 871,87
08.05.2024;14;1 769,10
08.05.2024;15;1 638,83
08.05.2024;16;1 726,10
08.05.2024;17;1 857,37
08.05.2024;18;2 231,20
08.05.2024;19;2 644,03
08.05.2024;20;3 138,13
08.05.2024;21;3 305,91
08.05.2024;22;2 806,06
08.05.2024;23;2 375,48
08.05.2024;24;2 158,68
09.05.2024;1;2 199,96
09.05.2024;2;2 212,93
09.05.2024;3;2 082,49
09.05.2024;4;2 085,98
09.05.2024;5;2 248,34
09.05.2024;6;2 287,75
09.05.2024;7;2 222,90
09.05.2024;8;2 022,14
09.05.2024;9;1 640,05
09.05.2024;10;544,69
09.05.2024;11;72,83
09.05.2024;12;-58,36
09.05.2024;13;-67,34
09.05.2024;14;-76,07
09.05.2024;15;-96,02
09.05.2024;16;-71,83
09.05.2024;17;-45,14
09.05.2024;18;1 614,62
09.05.2024;19;2 252,58
09.05.2024;20;2 796,52
09.05.2024;21;3 367,15
09.05.2024;22;3 097,80
09.05.2024;23;2 518,19
09.05.2024;24;2 201,20
10.05.2024;1;2 244,15
10.05.2024;2;2 061,88
10.05.2024;3;1 865,64
10.05.2024;4;1 800,81
10.05.2024;5;1 812,53
10.05.2024;6;2 223,70
10.05.2024;7;2 835,86
10.05.2024;8;2 749,08
10.05.2024;9;2 380,54
10.05.2024;10;1 694,33
10.05.2024;11;503,19
10.05.2024;12;44,14
10.05.2024;13;-20,2
10.05.2024;14;-28,18
10.05.2024;15;-30,67
10.05.2024;16;493,96
10.05.2024;17;1 641,97
10.05.2024;18;2 123,47
10.05.2024;19;2 631,89
10.05.2024;20;3 390,41
10.05.2024;21;4 230,72
10.05.2024;22;3 354,51
10.05.2024;23;2 582,27
10.05.2024;24;2 280,56
11.05.2024;1;2 429,67
11.05.2024;2;2 369,07
11.05.2024;3;2 263,35
11.05.2024;4;2 238,17
11.05.2024;5;2 260,86
11.05.2024;6;2 284,55
11.05.2024;7;2 159,62
11.05.2024;8;1 994,80
11.05.2024;9;1 406,58
11.05.2024;10;169,56
11.05.2024;11;0
11.05.2024;12;-272,54
11.05.2024;13;-544,83
11.05.2024;14;-582,48
11.05.2024;15;-625,12
11.05.2024;16;-302,96
11.05.2024;17;-10,72
11.05.2024;18;830,59
11.05.2024;19;2 169,10
11.05.2024;20;2 653,83
11.05.2024;21;3 028,36
11.05.2024;22;2 658,82
11.05.2024;23;2 183,81
11.05.2024;24;1 729,99
12.05.2024;1;1 640,47
12.05.2024;2;1 368,68
12.05.2024;3;1 115,34
12.05.2024;4;1 034,05
12.05.2024;5;1 164,47
12.05.2024;6;1 094,40
12.05.2024;7;439,11
12.05.2024;8;119,44
12.05.2024;9;58,6
12.05.2024;10;-71,56
12.05.2024;11;-648,56
12.05.2024;12;-1 787,84
12.05.2024;13;-2 525,67
12.05.2024;14;-3 459,73
12.05.2024;15;-3 408,86
12.05.2024;16;-2 233,68
12.05.2024;17;-768,75
12.05.2024;18;-85,53
12.05.2024;19;1 115,34
12.05.2024;20;2 025,97
12.05.2024;21;2 815,91
12.05.2024;22;1 906,53
12.05.2024;23;1 594,34
12.05.2024;24;1 235,28
13.05.2024;1;477,66
13.05.2024;2;482,12
13.05.2024;3;531,42
13.05.2024;4;502,69
13.05.2024;5;512,35
13.05.2024;6;1 326,21
13.05.2024;7;2 111,08
13.05.2024;8;2 637,79
13.05.2024;9;1 913,87
13.05.2024;10;1 034,36
13.05.2024;11;263,11
13.05.2024;12;-24,03
13.05.2024;13;-100,34
13.05.2024;14;-31,46
13.05.2024;15;-60,95
13.05.2024;16;-2,48
13.05.2024;17;194,73
13.05.2024;18;1 743,66
13.05.2024;19;2 362,79
13.05.2024;20;3 495,51
13.05.2024;21;3 200,93
13.05.2024;22;2 490,38
13.05.2024;23;2 146,51
13.05.2024;24;1 853,17
14.05.2024;1;1 473,91
14.05.2024;2;1 043,42
14.05.2024;3;860,48
14.05.2024;4;752,55
14.05.2024;5;1 156,55
14.05.2024;6;1 664,28
14.05.2024;7;2 104,18
14.05.2024;8;2 157,40
14.05.2024;9;1 180,32
14.05.2024;10;212,89
14.05.2024;11;10,15
14.05.2024;12;-283,2
14.05.2024;13;-582,49
14.05.2024;14;-790,43
14.05.2024;15;-695,37
14.05.2024;16;-403,51
14.05.2024;17;16,09
14.05.2024;18;816,42
14.05.2024;19;1 991,05
14.05.2024;20;2 435,89
14.05.2024;21;3 239,69
14.05.2024;22;2 162,10
14.05.2024;23;1 549,66
14.05.2024;24;1 541,49
15.05.2024;1;1 485,60
15.05.2024;2;1 465,05
15.05.2024;3;1 238,00
15.05.2024;4;950,29
15.05.2024;5;1 485,60
15.05.2024;6;1 407,11
15.05.2024;7;2 313,33
15.05.2024;8;2 363,34
15.05.2024;9;2 105,10
15.05.2024;10;1 139,46
15.05.2024;11;188,42
15.05.2024;12;-24,76
15.05.2024;13;-157,23
15.05.2024;14;-174,81
15.05.2024;15;-93,1
15.05.2024;16;231,75
15.05.2024;17;970,59
15.05.2024;18;1 623,02
15.05.2024;19;2 036,26
15.05.2024;20;2 678,78
15.05.2024;21;2 823,14
15.05.2024;22;2 082,32
15.05.2024;23;1 719,83
15.05.2024;24;1 701,01
16.05.2024;1;1 433,47
16.05.2024;2;1 325,22
16.05.2024;3;1 070,41
16.05.2024;4;1 271,83
16.05.2024;5;1 111,43
16.05.2024;6;1 523,43
16.05.2024;7;2 045,66
16.05.2024;8;2 763,88
16.05.2024;9;2 150,21
16.05.2024;10;1 485,12
16.05.2024;11;559,05
16.05.2024;12;277,06
16.05.2024;13;250,12
16.05.2024;14;446,85
16.05.2024;15;624,05
16.05.2024;16;1 196,70
16.05.2024;17;1 241,43
16.05.2024;18;1 606,48
16.05.2024;19;1 859,31
16.05.2024;20;2 327,41
16.05.2024;21;2 684,05
16.05.2024;22;1 924,06
16.05.2024;23;2 071,36
16.05.2024;24;1 762,43
17.05.2024;1;1 749,22
17.05.2024;2;1 645,93
17.05.2024;3;1 642,23
17.05.2024;4;1 604,67
17.05.2024;5;1 640,50
17.05.2024;6;1 648,65
17.05.2024;7;2 087,25
17.05.2024;8;2 975,58
17.05.2024;9;2 911,58
17.05.2024;10;2 655,58
17.05.2024;11;2 604,93
17.05.2024;12;2 367,96
17.05.2024;13;1 649,64
17.05.2024;14;1 306,67
17.05.2024;15;1 520,41
17.05.2024;16;1 606,40
17.05.2024;17;1 540,17
17.05.2024;18;2 107,52
17.05.2024;19;2 342,51
17.05.2024;20;2 469,77
17.05.2024;21;2 909,60
17.05.2024;22;2 368,95
17.05.2024;23;2 260,72
17.05.2024;24;2 009,91
18.05.2024;1;1 744,53
18.05.2024;2;1 504,59
18.05.2024;3;1 566,61
18.05.2024;4;1 624,68
18.05.2024;5;1 721,05
18.05.2024;6;1 821,37
18.05.2024;7;1 797,41
18.05.2024;8;1 757,62
18.05.2024;9;1 589,84
18.05.2024;10;1 180,15
18.05.2024;11;233,02
18.05.2024;12;17,54
18.05.2024;13;-0,49
18.05.2024;14;-33,61
18.05.2024;15;-72,65
18.05.2024;16;-56,59
18.05.2024;17;-6,43
18.05.2024;18;1 262,68
18.05.2024;19;2 099,61
18.05.2024;20;2 747,01
18.05.2024;21;3 305,21
18.05.2024;22;3 052,18
18.05.2024;23;2 449,50
18.05.2024;24;2 210,31
19.05.2024;1;2 255,28
19.05.2024;2;2 245,89
19.05.2024;3;2 226,37
19.05.2024;4;2 191,28
19.05.2024;5;2 170,28
19.05.2024;6;2 028,94
19.05.2024;7;1 884,88
19.05.2024;8;1 747,74
19.05.2024;9;1 151,49
19.05.2024;10;68,94
19.05.2024;11;-83,52
19.05.2024;12;-108,72
19.05.2024;13;-175,44
19.05.2024;14;-327,9
19.05.2024;15;-526,08
19.05.2024;16;-384,49
19.05.2024;17;-120,59
19.05.2024;18;26,44
19.05.2024;19;1 704,00
19.05.2024;20;2 146,81
19.05.2024;21;2 670,66
19.05.2024;22;3 067,75
19.05.2024;23;2 574,78
19.05.2024;24;2 163,36
20.05.2024;1;2 274,07
20.05.2024;2;2 054,58
20.05.2024;3;2 189,69
20.05.2024;4;2 180,28
20.05.2024;5;2 233,73
20.05.2024;6;2 321,58
20.05.2024;7;2 641,28
20.05.2024;8;2 650,19
20.05.2024;9;1 778,42
20.05.2024;10;749,03
20.05.2024;11;251,16
20.05.2024;12;91,8
20.05.2024;13;12,37
20.05.2024;14;-49
20.05.2024;15;-63,1
20.05.2024;16;457,78
20.05.2024;17;866,08
20.05.2024;18;2 240,17
20.05.2024;19;2 512,86
20.05.2024;20;3 041,66
20.05.2024;21;3 607,57
20.05.2024;22;3 080,26
20.05.2024;23;2 585,85
20.05.2024;24;2 200,82
21.05.2024;1;2 142,47
21.05.2024;2;1 927,26
21.05.2024;3;1 855,69
21.05.2024;4;1 900,61
21.05.2024;5;1 812,50
21.05.2024;6;1 989,70
21.05.2024;7;2 750,34
21.05.2024;8;3 033,91
21.05.2024;9;2 394,95
21.05.2024;10;2 047,70
21.05.2024;11;1 678,49
21.05.2024;12;1 370,73
21.05.2024;13;1 012,13
21.05.2024;14;1 523,00
21.05.2024;15;1 392,94
21.05.2024;16;1 761,66
21.05.2024;17;2 014,63
21.05.2024;18;2 221,45
21.05.2024;19;2 535,62
21.05.2024;20;3 220,49
21.05.2024;21;2 422,10
21.05.2024;22;2 277,47
21.05.2024;23;2 297,96
21.05.2024;24;2 147,16
22.05.2024;1;1 778,78
22.05.2024;2;1 575,09
22.05.2024;3;1 598,60
22.05.2024;4;1 474,85
22.05.2024;5;1 504,55
22.05.2024;6;1 727,80
22.05.2024;7;2 410,90
22.05.2024;8;2 574,99
22.05.2024;9;2 475,00
22.05.2024;10;2 051,53
22.05.2024;11;1 801,55
22.05.2024;12;1 782,99
22.05.2024;13;1 597,12
22.05.2024;14;1 386,50
22.05.2024;15;1 487,23
22.05.2024;16;1 828,53
22.05.2024;17;2 141,37
22.05.2024;18;2 257,94
22.05.2024;19;2 444,81
22.05.2024;20;3 642,95
22.05.2024;21;3 825,86
22.05.2024;22;3 302,39
22.05.2024;23;2 675,23
22.05.2024;24;2 314,62
23.05.2024;1;1 940,96
23.05.2024;2;1 914,98
23.05.2024;3;1 808,13
23.05.2024;4;1 858,09
23.05.2024;5;1 898,91
23.05.2024;6;2 058,45
23.05.2024;7;2 622,41
23.05.2024;8;2 895,73
23.05.2024;9;2 408,69
23.05.2024;10;1 868,24
23.05.2024;11;1 832,37
23.05.2024;12;1 597,63
23.05.2024;13;1 307,99
23.05.2024;14;1 119,51
23.05.2024;15;1 429,19
23.05.2024;16;1 811,34
23.05.2024;17;2 097,03
23.05.2024;18;2 346,12
23.05.2024;19;2 797,03
23.05.2024;20;3 812,41
23.05.2024;21;4 391,45
23.05.2024;22;3 791,88
23.05.2024;23;3 100,29
23.05.2024;24;2 586,29
24.05.2024;1;2 545,46
24.05.2024;2;2 318,93
24.05.2024;3;2 213,34
24.05.2024;4;2 169,07
24.05.2024;5;2 246,72
24.05.2024;6;2 540,76
24.05.2024;7;3 040,06
24.05.2024;8;3 024,48
24.05.2024;9;2 645,12
24.05.2024;10;2 463,60
24.05.2024;11;2 211,85
24.05.2024;12;2 016,98
24.05.2024;13;1 977,16
24.05.2024;14;1 912,12
24.05.2024;15;1 939,08
24.05.2024;16;2 054,82
24.05.2024;17;2 084,00
24.05.2024;18;2 446,54
24.05.2024;19;2 768,03
24.05.2024;20;3 203,52
24.05.2024;21;3 267,08
24.05.2024;22;2 819,22
24.05.2024;23;2 712,14
24.05.2024;24;2 469,04
25.05.2024;1;2 346,38
25.05.2024;2;2 269,72
25.05.2024;3;2 235,10
25.05.2024;4;2 204,19
25.05.2024;5;2 201,22
25.05.2024;6;2 270,46
25.05.2024;7;2 272,69
25.05.2024;8;2 129,50
25.05.2024;9;1 883,93
25.05.2024;10;1 591,13
25.05.2024;11;1 004,78
25.05.2024;12;228,75
25.05.2024;13;80,13
25.05.2024;14;0,99
25.05.2024;15;0
25.05.2024;16;0,5
25.05.2024;17;350,92
25.05.2024;18;1 872,56
25.05.2024;19;2 372,10
25.05.2024;20;2 861,76
25.05.2024;21;3 318,02
25.05.2024;22;3 430,30
25.05.2024;23;2 894,89
25.05.2024;24;2 607,53
26.05.2024;1;2 724,01
26.05.2024;2;2 529,88
26.05.2024;3;2 331,54
26.05.2024;4;2 334,02
26.05.2024;5;2 365,92
26.05.2024;6;2 300,14
26.05.2024;7;2 163,38
26.05.2024;8;1 860,44
26.05.2024;9;327,67
26.05.2024;10;0,5
26.05.2024;11;0
26.05.2024;12;-2,23
26.05.2024;13;-53,42
26.05.2024;14;-267,83
26.05.2024;15;-600,44
26.05.2024;16;-249,03
26.05.2024;17;-15,09
26.05.2024;18;1 426,67
26.05.2024;19;2 322,39
26.05.2024;20;2 792,76
26.05.2024;21;2 801,17
26.05.2024;22;2 901,82
26.05.2024;23;2 575,38
26.05.2024;24;2 163,88
27.05.2024;1;1 916,72
27.05.2024;2;1 873,43
27.05.2024;3;1 858,59
27.05.2024;4;1 858,59
27.05.2024;5;1 946,40
27.05.2024;6;2 099,51
27.05.2024;7;2 698,59
27.05.2024;8;3 133,68
27.05.2024;9;2 979,58
27.05.2024;10;2 237,28
27.05.2024;11;1 916,72
27.05.2024;12;1 851,66
27.05.2024;13;1 718,34
27.05.2024;14;1 689,15
27.05.2024;15;1 668,13
27.05.2024;16;1 918,69
27.05.2024;17;2 131,17
27.05.2024;18;2 602,12
27.05.2024;19;3 138,13
27.05.2024;20;4 352,37
27.05.2024;21;5 155,76
27.05.2024;22;3 874,00
27.05.2024;23;3 149,76
27.05.2024;24;2 692,90
28.05.2024;1;2 432,46
28.05.2024;2;2 227,17
28.05.2024;3;2 175,17
28.05.2024;4;2 102,96
28.05.2024;5;2 069,69
28.05.2024;6;2 186,26
28.05.2024;7;2 760,24
28.05.2024;8;3 005,95
28.05.2024;9;2 549,03
28.05.2024;10;2 129,82
28.05.2024;11;1 808,70
28.05.2024;12;1 738,21
28.05.2024;13;1 535,88
28.05.2024;14;1 389,24
28.05.2024;15;1 389,49
28.05.2024;16;1 651,22
28.05.2024;17;1 830,88
28.05.2024;18;2 129,08
28.05.2024;19;2 485,45
28.05.2024;20;3 052,78
28.05.2024;21;3 459,91
28.05.2024;22;2 875,09
28.05.2024;23;2 498,26
28.05.2024;24;2 303,57
29.05.2024;1;1 739,65
29.05.2024;2;1 497,10
29.05.2024;3;1 245,65
29.05.2024;4;1 499,82
29.05.2024;5;1 484,49
29.05.2024;6;1 407,59
29.05.2024;7;1 988,39
29.05.2024;8;2 381,76
29.05.2024;9;2 281,62
29.05.2024;10;1 723,58
29.05.2024;11;1 690,45
29.05.2024;12;1 549,02
29.05.2024;13;1 468,67
29.05.2024;14;1 549,52
29.05.2024;15;1 548,03
29.05.2024;16;1 737,43
29.05.2024;17;1 783,91
29.05.2024;18;2 276,18
29.05.2024;19;2 551,62
29.05.2024;20;2 922,74
29.05.2024;21;3 391,78
29.05.2024;22;3 461,50
29.05.2024;23;2 998,15
29.05.2024;24;2 472,50
30.05.2024;1;2 526,54
30.05.2024;2;2 431,18
30.05.2024;3;2 315,50
30.05.2024;4;2 376,68
30.05.2024;5;2 416,31
30.05.2024;6;2 576,58
30.05.2024;7;2 600,85
30.05.2024;8;2 568,15
30.05.2024;9;2 369,25
30.05.2024;10;2 277,85
30.05.2024;11;2 047,49
30.05.2024;12;1 948,41
30.05.2024;13;1 771,06
30.05.2024;14;1 573,14
30.05.2024;15;1 572,65
30.05.2024;16;1 691,05
30.05.2024;17;2 092,07
30.05.2024;18;2 255,31
30.05.2024;19;2 688,04
30.05.2024;20;3 023,43
30.05.2024;21;3 490,09
30.05.2024;22;3 333,55
30.05.2024;23;2 712,81
30.05.2024;24;2 496,32
31.05.2024;1;2 392,93
31.05.2024;2;2 012,72
31.05.2024;3;1 974,18
31.05.2024;4;1 847,69
31.05.2024;5;1 870,91
31.05.2024;6;2 231,60
31.05.2024;7;2 656,04
31.05.2024;8;2 748,93
31.05.2024;9;2 740,28
31.05.2024;10;2 519,91
31.05.2024;11;2 245,19
31.05.2024;12;2 058,92
31.05.2024;13;1 887,46
31.05.2024;14;1 727,62
31.05.2024;15;1 643,13
31.05.2024;16;1 677,22
31.05.2024;17;1 876,10
31.05.2024;18;2 141,92
31.05.2024;19;2 482,11
31.05.2024;20;2 760,78
31.05.2024;21;2 853,43
31.05.2024;22;2 618,48
31.05.2024;23;2 560,92
31.05.2024;24;2 212,58
01.06.2024;1;2 172,81
01.06.2024;2;2 084,86
01.06.2024;3;2 020,13
01.06.2024;4;1 795,81
01.06.2024;5;1 824,22
01.06.2024;6;1 823,48
01.06.2024;7;1 945,27
01.06.2024;8;1 865,23
01.06.2024;9;1 812,36
01.06.2024;10;1 533,93
01.06.2024;11;1 180,90
01.06.2024;12;1 049,22
01.06.2024;13;531,16
01.06.2024;14;186,52
01.06.2024;15;69,67
01.06.2024;16;137,85
01.06.2024;17;325,61
01.06.2024;18;1 287,38
01.06.2024;19;1 989,49
01.06.2024;20;2 092,76
01.06.2024;21;1 976,40
01.06.2024;22;1 998,14
01.06.2024;23;2 254,58
01.06.2024;24;1 950,71
02.06.2024;1;1 316,78
02.06.2024;2;1 210,55
02.06.2024;3;968,19
02.06.2024;4;835,52
02.06.2024;5;213,7
02.06.2024;6;119,57
02.06.2024;7;121,06
02.06.2024;8;101,54
02.06.2024;9;23,96
02.06.2024;10;0
02.06.2024;11;34,34
02.06.2024;12;11,12
02.06.2024;13;-12,35
02.06.2024;14;-125,5
02.06.2024;15;-432,09
02.06.2024;16;-472,36
02.06.2024;17;-162,07
02.06.2024;18;-70,16
02.06.2024;19;967,94
02.06.2024;20;1 957,13
02.06.2024;21;2 068,80
02.06.2024;22;2 522,63
02.06.2024;23;2 584,64
02.06.2024;24;2 317,58
03.06.2024;1;2 341,23
03.06.2024;2;2 149,16
03.06.2024;3;2 131,11
03.06.2024;4;2 116,28
03.06.2024;5;2 070,05
03.06.2024;6;2 429,23
03.06.2024;7;3 228,68
03.06.2024;8;4 741,05
03.06.2024;9;4 024,66
03.06.2024;10;3 140,92
03.06.2024;11;2 441,10
03.06.2024;12;2 365,95
03.06.2024;13;2 004,55
03.06.2024;14;1 875,75
03.06.2024;15;1 769,71
03.06.2024;16;1 815,68
03.06.2024;17;1 952,39
03.06.2024;18;2 694,23
03.06.2024;19;3 188,39
03.06.2024;20;4 430,32
03.06.2024;21;5 204,30
03.06.2024;22;4 752,91
03.06.2024;23;3 600,72
03.06.2024;24;2 889,03
04.06.2024;1;2 652,83
04.06.2024;2;2 486,41
04.06.2024;3;2 371,25
04.06.2024;4;2 345,25
04.06.2024;5;2 338,06
04.06.2024;6;2 614,44
04.06.2024;7;3 513,16
04.06.2024;8;4 285,58
04.06.2024;9;3 501,77
04.06.2024;10;2 749,41
04.06.2024;11;2 239,75
04.06.2024;12;2 002,99
04.06.2024;13;1 683,53
04.06.2024;14;1 388,33
04.06.2024;15;1 162,72
04.06.2024;16;1 110,71
04.06.2024;17;1 970,55
04.06.2024;18;2 348,47
04.06.2024;19;2 964,62
04.06.2024;20;4 172,66
04.06.2024;21;5 549,84
04.06.2024;22;3 449,52
04.06.2024;23;2 771,70
04.06.2024;24;2 247,67
05.06.2024;1;1 898,47
05.06.2024;2;1 571,90
05.06.2024;3;1 549,95
05.06.2024;4;1 641,46
05.06.2024;5;1 603,47
05.06.2024;6;2 035,60
05.06.2024;7;2 687,75
05.06.2024;8;3 628,96
05.06.2024;9;2 814,28
05.06.2024;10;2 106,88
05.06.2024;11;1 750,97
05.06.2024;12;1 584,73
05.06.2024;13;1 239,66
05.06.2024;14;768,81
05.06.2024;15;670,64
05.06.2024;16;1 448,08
05.06.2024;17;1 439,94
05.06.2024;18;2 248,71
05.06.2024;19;2 856,70
05.06.2024;20;3 262,69
05.06.2024;21;3 840,34
05.06.2024;22;3 961,45
05.06.2024;23;3 537,95
05.06.2024;24;2 785,42
06.06.2024;1;2 487,64
06.06.2024;2;2 383,19
06.06.2024;3;2 180,69
06.06.2024;4;2 160,00
06.06.2024;5;2 222,32
06.06.2024;6;2 542,83
06.06.2024;7;3 082,58
06.06.2024;8;3 165,60
06.06.2024;9;2 406,84
06.06.2024;10;1 772,00
06.06.2024;11;1 423,90
06.06.2024;12;733,88
06.06.2024;13;565,13
06.06.2024;14;442,2
06.06.2024;15;574,74
06.06.2024;16;730,18
06.06.2024;17;1 408,14
06.06.2024;18;2 261,99
06.06.2024;19;2 570,66
06.06.2024;20;2 955,46
06.06.2024;21;3 892,33
06.06.2024;22;4 024,13
06.06.2024;23;3 204,27
06.06.2024;24;2 663,29
07.06.2024;1;2 530,00
07.06.2024;2;2 348,63
07.06.2024;3;2 226,50
07.06.2024;4;2 110,99
07.06.2024;5;2 028,91
07.06.2024;6;2 357,97
07.06.2024;7;2 790,25
07.06.2024;8;2 895,92
07.06.2024;9;2 506,65
07.06.2024;10;1 935,53
07.06.2024;11;1 499,57
07.06.2024;12;1 017,16
07.06.2024;13;833,34
07.06.2024;14;623,22
07.06.2024;15;410,65
07.06.2024;16;220,93
07.06.2024;17;618,8
07.06.2024;18;1 559,78
07.06.2024;19;2 390,66
07.06.2024;20;3 076,05
07.06.2024;21;3 671,75
07.06.2024;22;3 701,98
07.06.2024;23;3 071,88
07.06.2024;24;2 540,81
08.06.2024;1;2 492,64
08.06.2024;2;2 286,70
08.06.2024;3;2 124,51
08.06.2024;4;2 066,27
08.06.2024;5;2 067,00
08.06.2024;6;2 034,32
08.06.2024;7;1 971,41
08.06.2024;8;1 562,48
08.06.2024;9;1 043,95
08.06.2024;10;297,6
08.06.2024;11;-5,41
08.06.2024;12;-56,77
08.06.2024;13;-255,33
08.06.2024;14;-588,57
08.06.2024;15;-745,85
08.06.2024;16;-513,13
08.06.2024;17;-84,05
08.06.2024;18;327,34
08.06.2024;19;1 567,15
08.06.2024;20;2 001,63
08.06.2024;21;2 327,74
08.06.2024;22;2 011,46
08.06.2024;23;2 397,78
08.06.2024;24;1 928,65
09.06.2024;1;1 825,43
09.06.2024;2;1 559,28
09.06.2024;3;1 008,56
09.06.2024;4;309,4
09.06.2024;5;372,56
09.06.2024;6;212,82
09.06.2024;7;143,76
09.06.2024;8;54,56
09.06.2024;9;-4,67
09.06.2024;10;-50,38
09.06.2024;11;-189,72
09.06.2024;12;-372,31
09.06.2024;13;-606,51
09.06.2024;14;-797,46
09.06.2024;15;-912,72
09.06.2024;16;-709,23
09.06.2024;17;-29,74
09.06.2024;18;210,12
09.06.2024;19;1 935,77
09.06.2024;20;2 396,55
09.06.2024;21;2 830,30
09.06.2024;22;2 599,05
09.06.2024;23;2 661,96
09.06.2024;24;2 392,87
