category,Denní průměr,Hodinová cena
Tue Jan 01 2019,297.20,
Wed Jan 02 2019,979.67,
Thu Jan 03 2019,1515.75,
Fri Jan 04 2019,1366.19,
Sat Jan 05 2019,1115.17,
Sun Jan 06 2019,1335.92,
Mon Jan 07 2019,1577.39,
Tue Jan 08 2019,1443.21,
Wed Jan 09 2019,1470.05,
Thu Jan 10 2019,1731.24,
Fri Jan 11 2019,1488.90,
Sat Jan 12 2019,1213.30,
Sun Jan 13 2019,1008.95,
Mon Jan 14 2019,1219.27,
Tue Jan 15 2019,1269.70,
Wed Jan 16 2019,1222.10,
Thu Jan 17 2019,1218.60,
Fri Jan 18 2019,1628.39,
Sat Jan 19 2019,1463.19,
Sun Jan 20 2019,1441.96,
Mon Jan 21 2019,1877.15,
Tue Jan 22 2019,1678.06,
Wed Jan 23 2019,1895.04,
Thu Jan 24 2019,2151.25,
Fri Jan 25 2019,1795.14,
Sat Jan 26 2019,1325.89,
Sun Jan 27 2019,1027.16,
Mon Jan 28 2019,1448.87,
Tue Jan 29 2019,1610.67,
Wed Jan 30 2019,1595.60,
Thu Jan 31 2019,1589.86,
Fri Feb 01 2019,1430.93,
Sat Feb 02 2019,1315.79,
Sun Feb 03 2019,1135.12,
Mon Feb 04 2019,1269.20,
Tue Feb 05 2019,1415.59,
Wed Feb 06 2019,1356.17,
Thu Feb 07 2019,1200.03,
Fri Feb 08 2019,1229.57,
Sat Feb 09 2019,1034.52,
Sun Feb 10 2019,664.16,
Mon Feb 11 2019,1074.54,
Tue Feb 12 2019,1172.75,
Wed Feb 13 2019,1214.15,
Thu Feb 14 2019,1289.42,
Fri Feb 15 2019,1191.53,
Sat Feb 16 2019,1096.60,
Sun Feb 17 2019,996.16,
Mon Feb 18 2019,1211.66,
Tue Feb 19 2019,1192.05,
Wed Feb 20 2019,1114.92,
Thu Feb 21 2019,1179.01,
Fri Feb 22 2019,1202.22,
Sat Feb 23 2019,1055.51,
Sun Feb 24 2019,1022.56,
Mon Feb 25 2019,1165.46,
Tue Feb 26 2019,1106.94,
Wed Feb 27 2019,1125.12,
Thu Feb 28 2019,1027.56,
Fri Mar 01 2019,1174.39,
Sat Mar 02 2019,1031.13,
Sun Mar 03 2019,565.70,
Mon Mar 04 2019,614.93,
Tue Mar 05 2019,839.16,
Wed Mar 06 2019,1004.38,
Thu Mar 07 2019,758.57,
Fri Mar 08 2019,797.10,
Sat Mar 09 2019,625.53,
Sun Mar 10 2019,508.61,
Mon Mar 11 2019,850.78,
Tue Mar 12 2019,1011.63,
Wed Mar 13 2019,795.03,
Thu Mar 14 2019,888.03,
Fri Mar 15 2019,785.89,
Sat Mar 16 2019,565.98,
Sun Mar 17 2019,44.74,
Mon Mar 18 2019,875.54,
Tue Mar 19 2019,1147.58,
Wed Mar 20 2019,1084.72,
Thu Mar 21 2019,1024.38,
Fri Mar 22 2019,1049.14,
Sat Mar 23 2019,872.75,
Sun Mar 24 2019,802.17,
Mon Mar 25 2019,826.55,
Tue Mar 26 2019,953.88,
Wed Mar 27 2019,1014.70,
Thu Mar 28 2019,1090.46,
Fri Mar 29 2019,1010.69,
Sat Mar 30 2019,903.74,
Sun Mar 31 2019,791.94,
Mon Apr 01 2019,973.09,
Tue Apr 02 2019,920.42,
Wed Apr 03 2019,1084.85,
Thu Apr 04 2019,1098.20,
Fri Apr 05 2019,1086.00,
Sat Apr 06 2019,941.94,
Sun Apr 07 2019,897.89,
Mon Apr 08 2019,1129.87,
Tue Apr 09 2019,1101.71,
Wed Apr 10 2019,1102.71,
Thu Apr 11 2019,1170.26,
Fri Apr 12 2019,1166.74,
Sat Apr 13 2019,1057.76,
Sun Apr 14 2019,982.74,
Mon Apr 15 2019,1078.79,
Tue Apr 16 2019,1072.75,
Wed Apr 17 2019,1081.31,
Thu Apr 18 2019,1002.58,
Fri Apr 19 2019,844.57,
Sat Apr 20 2019,949.52,
Sun Apr 21 2019,818.79,
Mon Apr 22 2019,101.94,
Tue Apr 23 2019,618.73,
Wed Apr 24 2019,887.44,
Thu Apr 25 2019,986.23,
Fri Apr 26 2019,1077.09,
Sat Apr 27 2019,869.76,
Sun Apr 28 2019,866.64,
Mon Apr 29 2019,1184.88,
Tue Apr 30 2019,1104.66,
Wed May 01 2019,668.95,
Thu May 02 2019,1010.49,
Fri May 03 2019,1094.98,
Sat May 04 2019,980.74,
Sun May 05 2019,563.12,
Mon May 06 2019,1108.39,
Tue May 07 2019,1206.95,
Wed May 08 2019,803.35,
Thu May 09 2019,1117.73,
Fri May 10 2019,1177.06,
Sat May 11 2019,931.81,
Sun May 12 2019,574.87,
Mon May 13 2019,1033.34,
Tue May 14 2019,1153.10,
Wed May 15 2019,1177.33,
Thu May 16 2019,1159.77,
Fri May 17 2019,1067.41,
Sat May 18 2019,923.50,
Sun May 19 2019,858.72,
Mon May 20 2019,1159.24,
Tue May 21 2019,1075.53,
Wed May 22 2019,1055.60,
Thu May 23 2019,1107.98,
Fri May 24 2019,1014.61,
Sat May 25 2019,942.12,
Sun May 26 2019,628.07,
Mon May 27 2019,906.10,
Tue May 28 2019,1075.94,
Wed May 29 2019,1063.82,
Thu May 30 2019,683.74,
Fri May 31 2019,919.63,
Sat Jun 01 2019,771.95,
Sun Jun 02 2019,468.29,
Mon Jun 03 2019,916.52,
Tue Jun 04 2019,1022.12,
Wed Jun 05 2019,930.52,
Thu Jun 06 2019,895.45,
Fri Jun 07 2019,913.39,
Sat Jun 08 2019,-129.31,
Sun Jun 09 2019,607.65,
Mon Jun 10 2019,738.60,
Tue Jun 11 2019,1146.71,
Wed Jun 12 2019,1139.75,
Thu Jun 13 2019,975.54,
Fri Jun 14 2019,1060.89,
Sat Jun 15 2019,772.41,
Sun Jun 16 2019,753.63,
Mon Jun 17 2019,1107.56,
Tue Jun 18 2019,1079.72,
Wed Jun 19 2019,1089.59,
Thu Jun 20 2019,934.23,
Fri Jun 21 2019,995.93,
Sat Jun 22 2019,841.28,
Sun Jun 23 2019,556.94,
Mon Jun 24 2019,885.28,
Tue Jun 25 2019,1085.14,
Wed Jun 26 2019,1029.83,
Thu Jun 27 2019,1093.13,
Fri Jun 28 2019,1115.19,
Sat Jun 29 2019,859.56,
Sun Jun 30 2019,333.37,
Mon Jul 01 2019,1221.56,
Tue Jul 02 2019,1154.33,
Wed Jul 03 2019,1097.30,
Thu Jul 04 2019,971.60,
Fri Jul 05 2019,922.88,
Sat Jul 06 2019,775.22,
Sun Jul 07 2019,569.83,
Mon Jul 08 2019,985.13,
Tue Jul 09 2019,958.10,
Wed Jul 10 2019,1085.35,
Thu Jul 11 2019,1189.12,
Fri Jul 12 2019,1140.00,
Sat Jul 13 2019,933.22,
Sun Jul 14 2019,913.30,
Mon Jul 15 2019,1156.78,
Tue Jul 16 2019,1203.39,
Wed Jul 17 2019,1288.49,
Thu Jul 18 2019,1316.92,
Fri Jul 19 2019,1281.16,
Sat Jul 20 2019,924.05,
Sun Jul 21 2019,763.71,
Mon Jul 22 2019,1129.85,
Tue Jul 23 2019,1209.25,
Wed Jul 24 2019,1325.35,
Thu Jul 25 2019,1366.87,
Fri Jul 26 2019,1203.11,
Sat Jul 27 2019,936.25,
Sun Jul 28 2019,890.55,
Mon Jul 29 2019,1123.68,
Tue Jul 30 2019,1131.02,
Wed Jul 31 2019,1108.75,
Thu Aug 01 2019,1191.06,
Fri Aug 02 2019,1131.17,
Sat Aug 03 2019,964.61,
Sun Aug 04 2019,877.95,
Mon Aug 05 2019,1162.50,
Tue Aug 06 2019,1085.30,
Wed Aug 07 2019,1085.46,
Thu Aug 08 2019,1000.21,
Fri Aug 09 2019,1007.42,
Sat Aug 10 2019,952.44,
Sun Aug 11 2019,632.09,
Mon Aug 12 2019,1027.78,
Tue Aug 13 2019,1031.21,
Wed Aug 14 2019,1093.61,
Thu Aug 15 2019,792.88,
Fri Aug 16 2019,903.74,
Sat Aug 17 2019,735.85,
Sun Aug 18 2019,756.89,
Mon Aug 19 2019,1079.20,
Tue Aug 20 2019,1220.35,
Wed Aug 21 2019,1033.55,
Thu Aug 22 2019,1058.06,
Fri Aug 23 2019,1194.99,
Sat Aug 24 2019,816.54,
Sun Aug 25 2019,785.59,
Mon Aug 26 2019,1226.64,
Tue Aug 27 2019,1265.29,
Wed Aug 28 2019,1290.75,
Thu Aug 29 2019,1263.83,
Fri Aug 30 2019,1275.49,
Sat Aug 31 2019,884.94,
Sun Sep 01 2019,807.25,
Mon Sep 02 2019,1205.77,
Tue Sep 03 2019,972.46,
Wed Sep 04 2019,921.43,
Thu Sep 05 2019,909.93,
Fri Sep 06 2019,1092.90,
Sat Sep 07 2019,927.99,
Sun Sep 08 2019,893.71,
Mon Sep 09 2019,1256.30,
Tue Sep 10 2019,962.40,
Wed Sep 11 2019,935.73,
Thu Sep 12 2019,1006.80,
Fri Sep 13 2019,1006.39,
Sat Sep 14 2019,947.92,
Sun Sep 15 2019,733.20,
Mon Sep 16 2019,1157.94,
Tue Sep 17 2019,1192.92,
Wed Sep 18 2019,981.24,
Thu Sep 19 2019,1208.09,
Fri Sep 20 2019,1226.79,
Sat Sep 21 2019,880.26,
Sun Sep 22 2019,812.80,
Mon Sep 23 2019,1208.46,
Tue Sep 24 2019,1220.30,
Wed Sep 25 2019,1312.61,
Thu Sep 26 2019,1480.52,
Fri Sep 27 2019,1162.82,
Sat Sep 28 2019,845.93,
Sun Sep 29 2019,665.53,
Mon Sep 30 2019,890.18,
Tue Oct 01 2019,1041.73,
Wed Oct 02 2019,1214.91,
Thu Oct 03 2019,1039.16,
Fri Oct 04 2019,1139.42,
Sat Oct 05 2019,925.24,
Sun Oct 06 2019,873.19,
Mon Oct 07 2019,1261.76,
Tue Oct 08 2019,1189.23,
Wed Oct 09 2019,1031.42,
Thu Oct 10 2019,805.74,
Fri Oct 11 2019,781.22,
Sat Oct 12 2019,721.66,
Sun Oct 13 2019,691.17,
Mon Oct 14 2019,1023.11,
Tue Oct 15 2019,1070.34,
Wed Oct 16 2019,1005.32,
Thu Oct 17 2019,1117.93,
Fri Oct 18 2019,1001.78,
Sat Oct 19 2019,854.16,
Sun Oct 20 2019,862.95,
Mon Oct 21 2019,1106.24,
Tue Oct 22 2019,1186.71,
Wed Oct 23 2019,1122.30,
Thu Oct 24 2019,970.67,
Fri Oct 25 2019,899.60,
Sat Oct 26 2019,686.96,
Sun Oct 27 2019,683.63,
Mon Oct 28 2019,1031.56,
Tue Oct 29 2019,1212.48,
Wed Oct 30 2019,1235.42,
Thu Oct 31 2019,1063.90,
Fri Nov 01 2019,814.34,
Sat Nov 02 2019,776.72,
Sun Nov 03 2019,728.05,
Mon Nov 04 2019,983.69,
Tue Nov 05 2019,1100.11,
Wed Nov 06 2019,1248.34,
Thu Nov 07 2019,1100.40,
Fri Nov 08 2019,1186.84,
Sat Nov 09 2019,1016.95,
Sun Nov 10 2019,1026.45,
Mon Nov 11 2019,1077.88,
Tue Nov 12 2019,1193.03,
Wed Nov 13 2019,1277.06,
Thu Nov 14 2019,1242.30,
Fri Nov 15 2019,1080.52,
Sat Nov 16 2019,977.72,
Sun Nov 17 2019,909.01,
Mon Nov 18 2019,1111.81,
Tue Nov 19 2019,1097.45,
Wed Nov 20 2019,1432.42,
Thu Nov 21 2019,1266.23,
Fri Nov 22 2019,1112.00,
Sat Nov 23 2019,799.94,
Sun Nov 24 2019,877.83,
Mon Nov 25 2019,1249.75,
Tue Nov 26 2019,1215.15,
Wed Nov 27 2019,1045.30,
Thu Nov 28 2019,1037.25,
Fri Nov 29 2019,1079.08,
Sat Nov 30 2019,1089.72,
Sun Dec 01 2019,1066.90,
Mon Dec 02 2019,1183.15,
Tue Dec 03 2019,1301.71,
Wed Dec 04 2019,1298.55,
Thu Dec 05 2019,1203.45,
Fri Dec 06 2019,1076.48,
Sat Dec 07 2019,908.17,
Sun Dec 08 2019,848.19,
Mon Dec 09 2019,1047.95,
Tue Dec 10 2019,1148.15,
Wed Dec 11 2019,1195.48,
Thu Dec 12 2019,1241.02,
Fri Dec 13 2019,1113.23,
Sat Dec 14 2019,892.11,
Sun Dec 15 2019,801.51,
Mon Dec 16 2019,1168.64,
Tue Dec 17 2019,1126.58,
Wed Dec 18 2019,1115.97,
Thu Dec 19 2019,947.02,
Fri Dec 20 2019,767.60,
Sat Dec 21 2019,760.03,
Sun Dec 22 2019,598.67,
Mon Dec 23 2019,623.56,
Tue Dec 24 2019,572.60,
Wed Dec 25 2019,526.88,
Thu Dec 26 2019,792.23,
Fri Dec 27 2019,1012.34,
Sat Dec 28 2019,877.90,
Sun Dec 29 2019,759.03,
Mon Dec 30 2019,752.41,
Tue Dec 31 2019,740.20,
Wed Jan 01 2020,816.22,
Thu Jan 02 2020,1083.12,
Fri Jan 03 2020,939.53,
Sat Jan 04 2020,711.00,
Sun Jan 05 2020,882.14,
Mon Jan 06 2020,1019.07,
Tue Jan 07 2020,1088.53,
Wed Jan 08 2020,1135.22,
Thu Jan 09 2020,1215.30,
Fri Jan 10 2020,1101.29,
Sat Jan 11 2020,913.84,
Sun Jan 12 2020,743.60,
Mon Jan 13 2020,1249.06,
Tue Jan 14 2020,1117.14,
Wed Jan 15 2020,1094.48,
Thu Jan 16 2020,1146.67,
Fri Jan 17 2020,1115.18,
Sat Jan 18 2020,863.60,
Sun Jan 19 2020,987.69,
Mon Jan 20 2020,1138.18,
Tue Jan 21 2020,1110.91,
Wed Jan 22 2020,1158.72,
Thu Jan 23 2020,1264.86,
Fri Jan 24 2020,1227.48,
Sat Jan 25 2020,1038.54,
Sun Jan 26 2020,953.03,
Mon Jan 27 2020,1148.53,
Tue Jan 28 2020,1150.97,
Wed Jan 29 2020,1088.48,
Thu Jan 30 2020,1151.03,
Fri Jan 31 2020,1035.25,
Sat Feb 01 2020,954.08,
Sun Feb 02 2020,694.27,
Mon Feb 03 2020,894.53,
Tue Feb 04 2020,881.22,
Wed Feb 05 2020,879.12,
Thu Feb 06 2020,949.49,
Fri Feb 07 2020,998.91,
Sat Feb 08 2020,734.68,
Sun Feb 09 2020,628.99,
Mon Feb 10 2020,722.98,
Tue Feb 11 2020,759.03,
Wed Feb 12 2020,573.62,
Thu Feb 13 2020,806.57,
Fri Feb 14 2020,881.66,
Sat Feb 15 2020,663.11,
Sun Feb 16 2020,336.93,
Mon Feb 17 2020,830.74,
Tue Feb 18 2020,716.39,
Wed Feb 19 2020,847.60,
Thu Feb 20 2020,819.01,
Fri Feb 21 2020,673.32,
Sat Feb 22 2020,715.60,
Sun Feb 23 2020,319.78,
Mon Feb 24 2020,898.79,
Tue Feb 25 2020,777.92,
Wed Feb 26 2020,853.85,
Thu Feb 27 2020,930.05,
Fri Feb 28 2020,825.47,
Sat Feb 29 2020,664.45,
Sun Mar 01 2020,439.86,
Mon Mar 02 2020,903.39,
Tue Mar 03 2020,929.36,
Wed Mar 04 2020,972.89,
Thu Mar 05 2020,882.79,
Fri Mar 06 2020,826.00,
Sat Mar 07 2020,756.18,
Sun Mar 08 2020,576.51,
Mon Mar 09 2020,911.94,
Tue Mar 10 2020,739.31,
Wed Mar 11 2020,712.33,
Thu Mar 12 2020,690.34,
Fri Mar 13 2020,740.99,
Sat Mar 14 2020,816.95,
Sun Mar 15 2020,376.01,
Mon Mar 16 2020,860.78,
Tue Mar 17 2020,813.22,
Wed Mar 18 2020,719.43,
Thu Mar 19 2020,828.05,
Fri Mar 20 2020,680.37,
Sat Mar 21 2020,416.75,
Sun Mar 22 2020,-26.66,
Mon Mar 23 2020,571.26,
Tue Mar 24 2020,571.61,
Wed Mar 25 2020,616.27,
Thu Mar 26 2020,642.44,
Fri Mar 27 2020,615.46,
Sat Mar 28 2020,450.76,
Sun Mar 29 2020,289.77,
Mon Mar 30 2020,631.09,
Tue Mar 31 2020,789.63,
Wed Apr 01 2020,659.73,
Thu Apr 02 2020,668.22,
Fri Apr 03 2020,669.77,
Sat Apr 04 2020,605.35,
Sun Apr 05 2020,181.91,
Mon Apr 06 2020,533.05,
Tue Apr 07 2020,644.85,
Wed Apr 08 2020,676.01,
Thu Apr 09 2020,663.27,
Fri Apr 10 2020,598.93,
Sat Apr 11 2020,565.20,
Sun Apr 12 2020,316.06,
Mon Apr 13 2020,-275.59,
Tue Apr 14 2020,566.27,
Wed Apr 15 2020,580.02,
Thu Apr 16 2020,660.20,
Fri Apr 17 2020,713.98,
Sat Apr 18 2020,567.72,
Sun Apr 19 2020,243.42,
Mon Apr 20 2020,258.55,
Tue Apr 21 2020,375.17,
Wed Apr 22 2020,359.20,
Thu Apr 23 2020,730.05,
Fri Apr 24 2020,548.30,
Sat Apr 25 2020,517.70,
Sun Apr 26 2020,521.38,
Mon Apr 27 2020,737.02,
Tue Apr 28 2020,701.59,
Wed Apr 29 2020,629.69,
Thu Apr 30 2020,537.81,
Fri May 01 2020,221.68,
Sat May 02 2020,360.33,
Sun May 03 2020,378.85,
Mon May 04 2020,667.10,
Tue May 05 2020,611.42,
Wed May 06 2020,578.98,
Thu May 07 2020,648.39,
Fri May 08 2020,652.35,
Sat May 09 2020,592.25,
Sun May 10 2020,377.53,
Mon May 11 2020,488.58,
Tue May 12 2020,588.02,
Wed May 13 2020,764.49,
Thu May 14 2020,668.30,
Fri May 15 2020,591.67,
Sat May 16 2020,461.73,
Sun May 17 2020,238.08,
Mon May 18 2020,569.24,
Tue May 19 2020,667.97,
Wed May 20 2020,820.53,
Thu May 21 2020,517.65,
Fri May 22 2020,516.08,
Sat May 23 2020,213.75,
Sun May 24 2020,-519.68,
Mon May 25 2020,536.45,
Tue May 26 2020,870.11,
Wed May 27 2020,620.56,
Thu May 28 2020,562.08,
Fri May 29 2020,592.56,
Sat May 30 2020,367.37,
Sun May 31 2020,53.07,
Mon Jun 01 2020,303.56,
Tue Jun 02 2020,662.65,
Wed Jun 03 2020,721.13,
Thu Jun 04 2020,678.59,
Fri Jun 05 2020,636.81,
Sat Jun 06 2020,148.27,
Sun Jun 07 2020,378.20,
Mon Jun 08 2020,950.85,
Tue Jun 09 2020,944.40,
Wed Jun 10 2020,882.84,
Thu Jun 11 2020,665.09,
Fri Jun 12 2020,566.72,
Sat Jun 13 2020,496.60,
Sun Jun 14 2020,477.81,
Mon Jun 15 2020,868.25,
Tue Jun 16 2020,988.77,
Wed Jun 17 2020,876.06,
Thu Jun 18 2020,864.64,
Fri Jun 19 2020,793.12,
Sat Jun 20 2020,592.77,
Sun Jun 21 2020,570.33,
Mon Jun 22 2020,733.72,
Tue Jun 23 2020,843.82,
Wed Jun 24 2020,942.51,
Thu Jun 25 2020,942.84,
Fri Jun 26 2020,903.55,
Sat Jun 27 2020,721.28,
Sun Jun 28 2020,473.20,
Mon Jun 29 2020,810.98,
Tue Jun 30 2020,601.88,
Wed Jul 01 2020,897.95,
Thu Jul 02 2020,1002.96,
Fri Jul 03 2020,980.46,
Sat Jul 04 2020,473.71,
Sun Jul 05 2020,256.99,
Mon Jul 06 2020,721.84,
Tue Jul 07 2020,887.07,
Wed Jul 08 2020,1152.68,
Thu Jul 09 2020,1146.63,
Fri Jul 10 2020,1028.54,
Sat Jul 11 2020,788.36,
Sun Jul 12 2020,671.39,
Mon Jul 13 2020,961.36,
Tue Jul 14 2020,1007.89,
Wed Jul 15 2020,1140.96,
Thu Jul 16 2020,1144.37,
Fri Jul 17 2020,1063.14,
Sat Jul 18 2020,807.22,
Sun Jul 19 2020,719.30,
Mon Jul 20 2020,924.74,
Tue Jul 21 2020,914.40,
Wed Jul 22 2020,962.47,
Thu Jul 23 2020,946.76,
Fri Jul 24 2020,851.82,
Sat Jul 25 2020,731.92,
Sun Jul 26 2020,360.39,
Mon Jul 27 2020,854.48,
Tue Jul 28 2020,765.27,
Wed Jul 29 2020,848.96,
Thu Jul 30 2020,928.64,
Fri Jul 31 2020,1001.84,
Sat Aug 01 2020,713.36,
Sun Aug 02 2020,747.76,
Mon Aug 03 2020,1024.03,
Tue Aug 04 2020,951.50,
Wed Aug 05 2020,804.08,
Thu Aug 06 2020,888.65,
Fri Aug 07 2020,881.88,
Sat Aug 08 2020,818.65,
Sun Aug 09 2020,739.54,
Mon Aug 10 2020,939.44,
Tue Aug 11 2020,914.80,
Wed Aug 12 2020,923.26,
Thu Aug 13 2020,1019.35,
Fri Aug 14 2020,1085.19,
Sat Aug 15 2020,788.60,
Sun Aug 16 2020,716.06,
Mon Aug 17 2020,1046.85,
Tue Aug 18 2020,1080.44,
Wed Aug 19 2020,1038.54,
Thu Aug 20 2020,947.47,
Fri Aug 21 2020,817.56,
Sat Aug 22 2020,640.87,
Sun Aug 23 2020,354.03,
Mon Aug 24 2020,1023.55,
Tue Aug 25 2020,1000.79,
Wed Aug 26 2020,678.01,
Thu Aug 27 2020,1207.57,
Fri Aug 28 2020,1089.29,
Sat Aug 29 2020,941.81,
Sun Aug 30 2020,879.84,
Mon Aug 31 2020,1325.47,
Tue Sep 01 2020,1430.79,
Wed Sep 02 2020,1376.28,
Thu Sep 03 2020,1119.20,
Fri Sep 04 2020,1032.05,
Sat Sep 05 2020,848.05,
Sun Sep 06 2020,895.30,
Mon Sep 07 2020,1213.16,
Tue Sep 08 2020,1056.29,
Wed Sep 09 2020,1131.32,
Thu Sep 10 2020,1273.72,
Fri Sep 11 2020,1204.94,
Sat Sep 12 2020,917.23,
Sun Sep 13 2020,758.64,
Mon Sep 14 2020,1345.15,
Tue Sep 15 2020,1612.49,
Wed Sep 16 2020,1441.63,
Thu Sep 17 2020,1404.55,
Fri Sep 18 2020,1244.51,
Sat Sep 19 2020,995.05,
Sun Sep 20 2020,953.81,
Mon Sep 21 2020,1561.77,
Tue Sep 22 2020,1598.09,
Wed Sep 23 2020,1354.26,
Thu Sep 24 2020,1145.81,
Fri Sep 25 2020,1160.04,
Sat Sep 26 2020,922.00,
Sun Sep 27 2020,775.80,
Mon Sep 28 2020,1388.79,
Tue Sep 29 2020,1481.18,
Wed Sep 30 2020,1389.10,
Thu Oct 01 2020,1243.51,
Fri Oct 02 2020,982.23,
Sat Oct 03 2020,617.80,
Sun Oct 04 2020,349.17,
Mon Oct 05 2020,959.66,
Tue Oct 06 2020,1014.59,
Wed Oct 07 2020,1030.09,
Thu Oct 08 2020,936.69,
Fri Oct 09 2020,1159.44,
Sat Oct 10 2020,899.85,
Sun Oct 11 2020,843.12,
Mon Oct 12 2020,1388.24,
Tue Oct 13 2020,1293.88,
Wed Oct 14 2020,1087.36,
Thu Oct 15 2020,1239.23,
Fri Oct 16 2020,1306.56,
Sat Oct 17 2020,1079.74,
Sun Oct 18 2020,765.69,
Mon Oct 19 2020,1204.32,
Tue Oct 20 2020,1046.54,
Wed Oct 21 2020,1019.06,
Thu Oct 22 2020,872.25,
Fri Oct 23 2020,1176.74,
Sat Oct 24 2020,787.32,
Sun Oct 25 2020,611.81,
Mon Oct 26 2020,1108.97,
Tue Oct 27 2020,1008.74,
Wed Oct 28 2020,872.00,
Thu Oct 29 2020,1054.86,
Fri Oct 30 2020,930.04,
Sat Oct 31 2020,807.21,
Sun Nov 01 2020,446.56,
Mon Nov 02 2020,769.48,
Tue Nov 03 2020,951.71,
Wed Nov 04 2020,1066.49,
Thu Nov 05 2020,1064.26,
Fri Nov 06 2020,1073.18,
Sat Nov 07 2020,911.64,
Sun Nov 08 2020,887.07,
Mon Nov 09 2020,1192.34,
Tue Nov 10 2020,1258.13,
Wed Nov 11 2020,1180.71,
Thu Nov 12 2020,1032.11,
Fri Nov 13 2020,1101.10,
Sat Nov 14 2020,924.58,
Sun Nov 15 2020,633.47,
Mon Nov 16 2020,1155.97,
Tue Nov 17 2020,1033.25,
Wed Nov 18 2020,1187.91,
Thu Nov 19 2020,1136.05,
Fri Nov 20 2020,1234.04,
Sat Nov 21 2020,1047.42,
Sun Nov 22 2020,946.64,
Mon Nov 23 2020,1287.23,
Tue Nov 24 2020,1301.73,
Wed Nov 25 2020,1231.22,
Thu Nov 26 2020,1439.44,
Fri Nov 27 2020,1646.46,
Sat Nov 28 2020,1167.53,
Sun Nov 29 2020,1216.10,
Mon Nov 30 2020,1490.81,
Tue Dec 01 2020,1585.31,
Wed Dec 02 2020,1858.23,
Thu Dec 03 2020,1997.90,
Fri Dec 04 2020,1677.56,
Sat Dec 05 2020,1279.90,
Sun Dec 06 2020,1134.61,
Mon Dec 07 2020,1440.62,
Tue Dec 08 2020,1777.85,
Wed Dec 09 2020,2115.61,
Thu Dec 10 2020,1969.61,
Fri Dec 11 2020,1456.39,
Sat Dec 12 2020,1187.23,
Sun Dec 13 2020,1133.84,
Mon Dec 14 2020,1298.68,
Tue Dec 15 2020,1533.88,
Wed Dec 16 2020,1682.64,
Thu Dec 17 2020,1620.49,
Fri Dec 18 2020,1643.99,
Sat Dec 19 2020,1126.90,
Sun Dec 20 2020,1107.53,
Mon Dec 21 2020,1533.95,
Tue Dec 22 2020,1270.60,
Wed Dec 23 2020,1167.31,
Thu Dec 24 2020,759.28,
Fri Dec 25 2020,863.61,
Sat Dec 26 2020,756.83,
Sun Dec 27 2020,576.48,
Mon Dec 28 2020,969.26,
Tue Dec 29 2020,1144.87,
Wed Dec 30 2020,1148.16,
Thu Dec 31 2020,1187.06,
Fri Jan 01 2021,1072.24,
Sat Jan 02 2021,1344.17,
Sun Jan 03 2021,1068.05,
Mon Jan 04 2021,1292.30,
Tue Jan 05 2021,1386.58,
Wed Jan 06 2021,1370.72,
Thu Jan 07 2021,1794.95,
Fri Jan 08 2021,1954.27,
Sat Jan 09 2021,1542.21,
Sun Jan 10 2021,1281.38,
Mon Jan 11 2021,1348.23,
Tue Jan 12 2021,1445.10,
Wed Jan 13 2021,1462.80,
Thu Jan 14 2021,1886.43,
Fri Jan 15 2021,2067.55,
Sat Jan 16 2021,1422.01,
Sun Jan 17 2021,1385.26,
Mon Jan 18 2021,1753.84,
Tue Jan 19 2021,1718.45,
Wed Jan 20 2021,1525.88,
Thu Jan 21 2021,1455.57,
Fri Jan 22 2021,1379.45,
Sat Jan 23 2021,1370.82,
Sun Jan 24 2021,1244.04,
Mon Jan 25 2021,1662.42,
Tue Jan 26 2021,1553.48,
Wed Jan 27 2021,1551.70,
Thu Jan 28 2021,1443.31,
Fri Jan 29 2021,1352.03,
Sat Jan 30 2021,1201.28,
Sun Jan 31 2021,1185.36,
Mon Feb 01 2021,1487.26,
Tue Feb 02 2021,1451.21,
Wed Feb 03 2021,1225.50,
Thu Feb 04 2021,1266.62,
Fri Feb 05 2021,1348.80,
Sat Feb 06 2021,1104.84,
Sun Feb 07 2021,601.34,
Mon Feb 08 2021,1254.55,
Tue Feb 09 2021,1666.18,
Wed Feb 10 2021,1741.12,
Thu Feb 11 2021,1998.32,
Fri Feb 12 2021,1630.80,
Sat Feb 13 2021,1382.38,
Sun Feb 14 2021,1146.91,
Mon Feb 15 2021,1360.32,
Tue Feb 16 2021,1587.75,
Wed Feb 17 2021,1465.71,
Thu Feb 18 2021,1358.23,
Fri Feb 19 2021,1346.79,
Sat Feb 20 2021,986.29,
Sun Feb 21 2021,867.08,
Mon Feb 22 2021,1306.88,
Tue Feb 23 2021,1251.76,
Wed Feb 24 2021,1155.26,
Thu Feb 25 2021,1228.50,
Fri Feb 26 2021,1250.57,
Sat Feb 27 2021,1165.98,
Sun Feb 28 2021,1046.06,
Mon Mar 01 2021,1370.89,
Tue Mar 02 2021,1390.26,
Wed Mar 03 2021,1357.33,
Thu Mar 04 2021,1351.27,
Fri Mar 05 2021,1403.21,
Sat Mar 06 2021,1196.10,
Sun Mar 07 2021,1125.89,
Mon Mar 08 2021,1618.15,
Tue Mar 09 2021,1631.67,
Wed Mar 10 2021,1428.73,
Thu Mar 11 2021,1361.48,
Fri Mar 12 2021,1316.60,
Sat Mar 13 2021,1193.78,
Sun Mar 14 2021,1112.15,
Mon Mar 15 2021,1293.89,
Tue Mar 16 2021,1492.19,
Wed Mar 17 2021,1547.60,
Thu Mar 18 2021,1660.16,
Fri Mar 19 2021,1579.59,
Sat Mar 20 2021,1345.38,
Sun Mar 21 2021,1122.77,
Mon Mar 22 2021,1551.10,
Tue Mar 23 2021,1607.30,
Wed Mar 24 2021,1595.68,
Thu Mar 25 2021,1640.70,
Fri Mar 26 2021,1548.38,
Sat Mar 27 2021,1223.94,
Sun Mar 28 2021,1102.11,
Mon Mar 29 2021,1412.84,
Tue Mar 30 2021,1437.51,
Wed Mar 31 2021,1566.52,
Thu Apr 01 2021,1504.78,
Fri Apr 02 2021,1165.22,
Sat Apr 03 2021,1225.93,
Sun Apr 04 2021,981.54,
Mon Apr 05 2021,-149.94,
Tue Apr 06 2021,1304.84,
Wed Apr 07 2021,1532.75,
Thu Apr 08 2021,1681.07,
Fri Apr 09 2021,1601.18,
Sat Apr 10 2021,1506.75,
Sun Apr 11 2021,1222.48,
Mon Apr 12 2021,1738.22,
Tue Apr 13 2021,1823.94,
Wed Apr 14 2021,1945.64,
Thu Apr 15 2021,1964.54,
Fri Apr 16 2021,1849.56,
Sat Apr 17 2021,1597.68,
Sun Apr 18 2021,1661.11,
Mon Apr 19 2021,2064.66,
Tue Apr 20 2021,2076.30,
Wed Apr 21 2021,1848.93,
Thu Apr 22 2021,1786.24,
Fri Apr 23 2021,1674.44,
Sat Apr 24 2021,1554.43,
Sun Apr 25 2021,1121.88,
Mon Apr 26 2021,1659.61,
Tue Apr 27 2021,1742.54,
Wed Apr 28 2021,1685.97,
Thu Apr 29 2021,1714.01,
Fri Apr 30 2021,1776.62,
Sat May 01 2021,1532.05,
Sun May 02 2021,1153.85,
Mon May 03 2021,1504.14,
Tue May 04 2021,1257.88,
Wed May 05 2021,1439.18,
Thu May 06 2021,1687.79,
Fri May 07 2021,1746.30,
Sat May 08 2021,1388.50,
Sun May 09 2021,349.91,
Mon May 10 2021,1513.66,
Tue May 11 2021,1845.76,
Wed May 12 2021,1773.28,
Thu May 13 2021,1516.17,
Fri May 14 2021,1782.51,
Sat May 15 2021,1649.72,
Sun May 16 2021,1178.48,
Mon May 17 2021,1847.21,
Tue May 18 2021,1898.97,
Wed May 19 2021,1971.27,
Thu May 20 2021,1859.65,
Fri May 21 2021,1392.47,
Sat May 22 2021,1359.10,
Sun May 23 2021,546.77,
Mon May 24 2021,1324.09,
Tue May 25 2021,1701.82,
Wed May 26 2021,1713.31,
Thu May 27 2021,1824.50,
Fri May 28 2021,1934.77,
Sat May 29 2021,1470.53,
Sun May 30 2021,1081.24,
Mon May 31 2021,1733.18,
Tue Jun 01 2021,1723.86,
Wed Jun 02 2021,1673.43,
Thu Jun 03 2021,1524.80,
Fri Jun 04 2021,1818.99,
Sat Jun 05 2021,1587.85,
Sun Jun 06 2021,1434.25,
Mon Jun 07 2021,2024.85,
Tue Jun 08 2021,1990.33,
Wed Jun 09 2021,1972.43,
Thu Jun 10 2021,1961.90,
Fri Jun 11 2021,1899.85,
Sat Jun 12 2021,1323.95,
Sun Jun 13 2021,617.54,
Mon Jun 14 2021,1888.43,
Tue Jun 15 2021,2066.32,
Wed Jun 16 2021,2103.99,
Thu Jun 17 2021,2122.54,
Fri Jun 18 2021,2096.72,
Sat Jun 19 2021,1812.63,
Sun Jun 20 2021,1491.20,
Mon Jun 21 2021,1999.75,
Tue Jun 22 2021,2179.64,
Wed Jun 23 2021,2384.60,
Thu Jun 24 2021,2443.61,
Fri Jun 25 2021,2473.90,
Sat Jun 26 2021,2044.63,
Sun Jun 27 2021,1692.49,
Mon Jun 28 2021,2278.49,
Tue Jun 29 2021,2366.72,
Wed Jun 30 2021,2354.21,
Thu Jul 01 2021,2281.21,
Fri Jul 02 2021,2601.40,
Sat Jul 03 2021,2189.98,
Sun Jul 04 2021,2118.75,
Mon Jul 05 2021,2400.76,
Tue Jul 06 2021,2238.01,
Wed Jul 07 2021,2587.82,
Thu Jul 08 2021,2844.39,
Fri Jul 09 2021,2358.72,
Sat Jul 10 2021,2097.42,
Sun Jul 11 2021,2005.69,
Mon Jul 12 2021,2405.14,
Tue Jul 13 2021,2538.48,
Wed Jul 14 2021,2358.25,
Thu Jul 15 2021,2295.89,
Fri Jul 16 2021,2174.44,
Sat Jul 17 2021,1679.97,
Sun Jul 18 2021,1374.72,
Mon Jul 19 2021,2284.82,
Tue Jul 20 2021,2366.99,
Wed Jul 21 2021,2372.93,
Thu Jul 22 2021,2265.43,
Fri Jul 23 2021,2281.15,
Sat Jul 24 2021,1943.34,
Sun Jul 25 2021,1560.74,
Mon Jul 26 2021,2262.46,
Tue Jul 27 2021,2240.34,
Wed Jul 28 2021,2209.43,
Thu Jul 29 2021,2063.66,
Fri Jul 30 2021,1837.46,
Sat Jul 31 2021,1386.14,
Sun Aug 01 2021,1492.65,
Mon Aug 02 2021,2037.50,
Tue Aug 03 2021,2459.48,
Wed Aug 04 2021,2495.46,
Thu Aug 05 2021,2397.04,
Fri Aug 06 2021,1826.93,
Sat Aug 07 2021,1563.10,
Sun Aug 08 2021,646.16,
Mon Aug 09 2021,1716.09,
Tue Aug 10 2021,2304.68,
Wed Aug 11 2021,2560.60,
Thu Aug 12 2021,2706.18,
Fri Aug 13 2021,2450.22,
Sat Aug 14 2021,1789.49,
Sun Aug 15 2021,1670.39,
Mon Aug 16 2021,2120.30,
Tue Aug 17 2021,1806.25,
Wed Aug 18 2021,2007.92,
Thu Aug 19 2021,2336.40,
Fri Aug 20 2021,2611.21,
Sat Aug 21 2021,2337.33,
Sun Aug 22 2021,1998.24,
Mon Aug 23 2021,2395.33,
Tue Aug 24 2021,2453.12,
Wed Aug 25 2021,2209.11,
Thu Aug 26 2021,2398.07,
Fri Aug 27 2021,2453.17,
Sat Aug 28 2021,2205.93,
Sun Aug 29 2021,2063.78,
Mon Aug 30 2021,2724.59,
Tue Aug 31 2021,2798.56,
Wed Sep 01 2021,2817.39,
Thu Sep 02 2021,2961.96,
Fri Sep 03 2021,2757.69,
Sat Sep 04 2021,2697.39,
Sun Sep 05 2021,2440.32,
Mon Sep 06 2021,3184.48,
Tue Sep 07 2021,3252.30,
Wed Sep 08 2021,3165.87,
Thu Sep 09 2021,3307.93,
Fri Sep 10 2021,3497.26,
Sat Sep 11 2021,3262.86,
Sun Sep 12 2021,2654.46,
Mon Sep 13 2021,3582.44,
Tue Sep 14 2021,3636.82,
Wed Sep 15 2021,4259.12,
Thu Sep 16 2021,4021.31,
Fri Sep 17 2021,3970.28,
Sat Sep 18 2021,3345.94,
Sun Sep 19 2021,2380.34,
Mon Sep 20 2021,3832.27,
Tue Sep 21 2021,3804.99,
Wed Sep 22 2021,3704.28,
Thu Sep 23 2021,3056.05,
Fri Sep 24 2021,2770.55,
Sat Sep 25 2021,3242.00,
Sun Sep 26 2021,3194.48,
Mon Sep 27 2021,3644.19,
Tue Sep 28 2021,3946.17,
Wed Sep 29 2021,3417.53,
Thu Sep 30 2021,2975.47,
Fri Oct 01 2021,2775.79,
Sat Oct 02 2021,2652.15,
Sun Oct 03 2021,1074.44,
Mon Oct 04 2021,4003.62,
Tue Oct 05 2021,4042.74,
Wed Oct 06 2021,4681.41,
Thu Oct 07 2021,6884.01,
Fri Oct 08 2021,5165.54,
Sat Oct 09 2021,3506.58,
Sun Oct 10 2021,3658.37,
Mon Oct 11 2021,4235.76,
Tue Oct 12 2021,4308.09,
Wed Oct 13 2021,4775.72,
Thu Oct 14 2021,4427.50,
Fri Oct 15 2021,3191.89,
Sat Oct 16 2021,3982.91,
Sun Oct 17 2021,3603.12,
Mon Oct 18 2021,4828.42,
Tue Oct 19 2021,3925.17,
Wed Oct 20 2021,2169.66,
Thu Oct 21 2021,1904.93,
Fri Oct 22 2021,2035.35,
Sat Oct 23 2021,3572.45,
Sun Oct 24 2021,2550.40,
Mon Oct 25 2021,4340.66,
Tue Oct 26 2021,4480.49,
Wed Oct 27 2021,3697.28,
Thu Oct 28 2021,3871.89,
Fri Oct 29 2021,2896.13,
Sat Oct 30 2021,2162.32,
Sun Oct 31 2021,1741.34,
Mon Nov 01 2021,2825.71,
Tue Nov 02 2021,5219.06,
Wed Nov 03 2021,4933.71,
Thu Nov 04 2021,4385.38,
Fri Nov 05 2021,3992.47,
Sat Nov 06 2021,1951.58,
Sun Nov 07 2021,1060.89,
Mon Nov 08 2021,4479.69,
Tue Nov 09 2021,4078.82,
Wed Nov 10 2021,4443.50,
Thu Nov 11 2021,4785.47,
Fri Nov 12 2021,4212.46,
Sat Nov 13 2021,3960.09,
Sun Nov 14 2021,4128.86,
Mon Nov 15 2021,5747.96,
Tue Nov 16 2021,5924.96,
Wed Nov 17 2021,4391.53,
Thu Nov 18 2021,3541.36,
Fri Nov 19 2021,3388.10,
Sat Nov 20 2021,3400.05,
Sun Nov 21 2021,3725.57,
Mon Nov 22 2021,6058.30,
Tue Nov 23 2021,6118.98,
Wed Nov 24 2021,6984.07,
Thu Nov 25 2021,6366.12,
Fri Nov 26 2021,5245.56,
Sat Nov 27 2021,5207.35,
Sun Nov 28 2021,5162.92,
Mon Nov 29 2021,6827.24,
Tue Nov 30 2021,4821.11,
Wed Dec 01 2021,5159.84,
Thu Dec 02 2021,5145.52,
Fri Dec 03 2021,4919.65,
Sat Dec 04 2021,4988.04,
Sun Dec 05 2021,3998.75,
Mon Dec 06 2021,6748.15,
Tue Dec 07 2021,5828.64,
Wed Dec 08 2021,5615.62,
Thu Dec 09 2021,7067.97,
Fri Dec 10 2021,6082.03,
Sat Dec 11 2021,5938.80,
Sun Dec 12 2021,4634.48,
Mon Dec 13 2021,6723.75,
Tue Dec 14 2021,7598.36,
Wed Dec 15 2021,7512.27,
Thu Dec 16 2021,8703.98,
Fri Dec 17 2021,8499.71,
Sat Dec 18 2021,6003.30,
Sun Dec 19 2021,2911.91,
Mon Dec 20 2021,7918.24,
Tue Dec 21 2021,10597.91,
Wed Dec 22 2021,10399.70,
Thu Dec 23 2021,7378.97,
Fri Dec 24 2021,4640.43,
Sat Dec 25 2021,4552.60,
Sun Dec 26 2021,4025.41,
Mon Dec 27 2021,3762.18,
Tue Dec 28 2021,2978.34,
Wed Dec 29 2021,3883.86,
Thu Dec 30 2021,2914.12,
Fri Dec 31 2021,2088.61,
Sat Jan 01 2022,2052.90,
Sun Jan 02 2022,1409.69,
Mon Jan 03 2022,2214.86,
Tue Jan 04 2022,3809.44,
Wed Jan 05 2022,3000.45,
Thu Jan 06 2022,4761.21,
Fri Jan 07 2022,4119.08,
Sat Jan 08 2022,4186.40,
Sun Jan 09 2022,3593.54,
Mon Jan 10 2022,6371.26,
Tue Jan 11 2022,6209.97,
Wed Jan 12 2022,5689.00,
Thu Jan 13 2022,4375.24,
Fri Jan 14 2022,4378.78,
Sat Jan 15 2022,5192.15,
Sun Jan 16 2022,3277.54,
Mon Jan 17 2022,4241.17,
Tue Jan 18 2022,5761.13,
Wed Jan 19 2022,4663.55,
Thu Jan 20 2022,3881.35,
Fri Jan 21 2022,3896.69,
Sat Jan 22 2022,4278.79,
Sun Jan 23 2022,4715.51,
Mon Jan 24 2022,6031.62,
Tue Jan 25 2022,7277.57,
Wed Jan 26 2022,5882.83,
Thu Jan 27 2022,4605.76,
Fri Jan 28 2022,4825.21,
Sat Jan 29 2022,3413.63,
Sun Jan 30 2022,3157.63,
Mon Jan 31 2022,4889.15,
Tue Feb 01 2022,4950.84,
Wed Feb 02 2022,4691.94,
Thu Feb 03 2022,4676.76,
Fri Feb 04 2022,4485.93,
Sat Feb 05 2022,2886.73,
Sun Feb 06 2022,2305.37,
Mon Feb 07 2022,4437.90,
Tue Feb 08 2022,3788.27,
Wed Feb 09 2022,4380.68,
Thu Feb 10 2022,4695.16,
Fri Feb 11 2022,4575.85,
Sat Feb 12 2022,3562.03,
Sun Feb 13 2022,2352.89,
Mon Feb 14 2022,4272.19,
Tue Feb 15 2022,4370.04,
Wed Feb 16 2022,3794.12,
Thu Feb 17 2022,2824.12,
Fri Feb 18 2022,2901.96,
Sat Feb 19 2022,2424.01,
Sun Feb 20 2022,2317.44,
Mon Feb 21 2022,2579.74,
Tue Feb 22 2022,3120.31,
Wed Feb 23 2022,3344.11,
Thu Feb 24 2022,3185.07,
Fri Feb 25 2022,3488.38,
Sat Feb 26 2022,5559.21,
Sun Feb 27 2022,4498.19,
Mon Feb 28 2022,5616.28,
Tue Mar 01 2022,6235.29,
Wed Mar 02 2022,7209.03,
Thu Mar 03 2022,8673.13,
Fri Mar 04 2022,9441.76,
Sat Mar 05 2022,8863.20,
Sun Mar 06 2022,8770.43,
Mon Mar 07 2022,10662.36,
Tue Mar 08 2022,12497.19,
Wed Mar 09 2022,11335.07,
Thu Mar 10 2022,7497.57,
Fri Mar 11 2022,4646.40,
Sat Mar 12 2022,3853.03,
Sun Mar 13 2022,3402.02,
Mon Mar 14 2022,7005.04,
Tue Mar 15 2022,7472.86,
Wed Mar 16 2022,6290.81,
Thu Mar 17 2022,5877.27,
Fri Mar 18 2022,5685.88,
Sat Mar 19 2022,3561.02,
Sun Mar 20 2022,1952.56,
Mon Mar 21 2022,5079.05,
Tue Mar 22 2022,5836.51,
Wed Mar 23 2022,5814.18,
Thu Mar 24 2022,5883.32,
Fri Mar 25 2022,6022.72,
Sat Mar 26 2022,4671.52,
Sun Mar 27 2022,4943.64,
Mon Mar 28 2022,5461.72,
Tue Mar 29 2022,6123.23,
Wed Mar 30 2022,6629.32,
Thu Mar 31 2022,5123.55,
Fri Apr 01 2022,4024.75,
Sat Apr 02 2022,4016.42,
Sun Apr 03 2022,3692.09,
Mon Apr 04 2022,4301.81,
Tue Apr 05 2022,4722.16,
Wed Apr 06 2022,3556.79,
Thu Apr 07 2022,2403.84,
Fri Apr 08 2022,3076.66,
Sat Apr 09 2022,1931.40,
Sun Apr 10 2022,1943.07,
Mon Apr 11 2022,5462.98,
Tue Apr 12 2022,4532.88,
Wed Apr 13 2022,5440.57,
Thu Apr 14 2022,5560.66,
Fri Apr 15 2022,4712.19,
Sat Apr 16 2022,3652.94,
Sun Apr 17 2022,2563.75,
Mon Apr 18 2022,2936.05,
Tue Apr 19 2022,5416.49,
Wed Apr 20 2022,5067.95,
Thu Apr 21 2022,4911.48,
Fri Apr 22 2022,4959.54,
Sat Apr 23 2022,2959.29,
Sun Apr 24 2022,2777.45,
Mon Apr 25 2022,5457.01,
Tue Apr 26 2022,5863.21,
Wed Apr 27 2022,5455.89,
Thu Apr 28 2022,5645.63,
Fri Apr 29 2022,5610.55,
Sat Apr 30 2022,4952.37,
Sun May 01 2022,4791.61,
Mon May 02 2022,5403.28,
Tue May 03 2022,5382.07,
Wed May 04 2022,5713.45,
Thu May 05 2022,5786.64,
Fri May 06 2022,5558.48,
Sat May 07 2022,4968.23,
Sun May 08 2022,4237.88,
Mon May 09 2022,5431.10,
Tue May 10 2022,4911.56,
Wed May 11 2022,4751.98,
Thu May 12 2022,4368.50,
Fri May 13 2022,4804.46,
Sat May 14 2022,4036.89,
Sun May 15 2022,3686.88,
Mon May 16 2022,5305.21,
Tue May 17 2022,5587.50,
Wed May 18 2022,5100.66,
Thu May 19 2022,5205.93,
Fri May 20 2022,5159.73,
Sat May 21 2022,2761.08,
Sun May 22 2022,4094.35,
Mon May 23 2022,4627.37,
Tue May 24 2022,4233.50,
Wed May 25 2022,4717.28,
Thu May 26 2022,2736.06,
Fri May 27 2022,4311.45,
Sat May 28 2022,2563.92,
Sun May 29 2022,3861.47,
Mon May 30 2022,5584.28,
Tue May 31 2022,5195.01,
Wed Jun 01 2022,5397.19,
Thu Jun 02 2022,4795.45,
Fri Jun 03 2022,4597.82,
Sat Jun 04 2022,4263.92,
Sun Jun 05 2022,3569.95,
Mon Jun 06 2022,4008.05,
Tue Jun 07 2022,5047.44,
Wed Jun 08 2022,4852.74,
Thu Jun 09 2022,4793.33,
Fri Jun 10 2022,4617.05,
Sat Jun 11 2022,3411.13,
Sun Jun 12 2022,2832.45,
Mon Jun 13 2022,4297.20,
Tue Jun 14 2022,4879.16,
Wed Jun 15 2022,5266.32,
Thu Jun 16 2022,5115.65,
Fri Jun 17 2022,6294.08,
Sat Jun 18 2022,4668.98,
Sun Jun 19 2022,3817.50,
Mon Jun 20 2022,6809.82,
Tue Jun 21 2022,7055.24,
Wed Jun 22 2022,8010.69,
Thu Jun 23 2022,7403.26,
Fri Jun 24 2022,6705.32,
Sat Jun 25 2022,6122.50,
Sun Jun 26 2022,5390.85,
Mon Jun 27 2022,7978.58,
Tue Jun 28 2022,8446.18,
Wed Jun 29 2022,7954.13,
Thu Jun 30 2022,8280.41,
Fri Jul 01 2022,8149.88,
Sat Jul 02 2022,5615.36,
Sun Jul 03 2022,5070.25,
Mon Jul 04 2022,7631.37,
Tue Jul 05 2022,8102.96,
Wed Jul 06 2022,7420.74,
Thu Jul 07 2022,5279.43,
Fri Jul 08 2022,6599.53,
Sat Jul 09 2022,2860.43,
Sun Jul 10 2022,2264.54,
Mon Jul 11 2022,9108.51,
Tue Jul 12 2022,9248.87,
Wed Jul 13 2022,8325.21,
Thu Jul 14 2022,9326.32,
Fri Jul 15 2022,8311.74,
Sat Jul 16 2022,3875.62,
Sun Jul 17 2022,5003.70,
Mon Jul 18 2022,9560.08,
Tue Jul 19 2022,9601.35,
Wed Jul 20 2022,7736.76,
Thu Jul 21 2022,9950.28,
Fri Jul 22 2022,9745.88,
Sat Jul 23 2022,8425.35,
Sun Jul 24 2022,7004.59,
Mon Jul 25 2022,8872.33,
Tue Jul 26 2022,9437.69,
Wed Jul 27 2022,10426.15,
Thu Jul 28 2022,11907.89,
Fri Jul 29 2022,11155.32,
Sat Jul 30 2022,9696.93,
Sun Jul 31 2022,7796.97,
Mon Aug 01 2022,10525.16,
Tue Aug 02 2022,10259.04,
Wed Aug 03 2022,9904.31,
Thu Aug 04 2022,10204.49,
Fri Aug 05 2022,9458.10,
Sat Aug 06 2022,7383.08,
Sun Aug 07 2022,5304.74,
Mon Aug 08 2022,9075.69,
Tue Aug 09 2022,8655.94,
Wed Aug 10 2022,8289.62,
Thu Aug 11 2022,9237.33,
Fri Aug 12 2022,10992.58,
Sat Aug 13 2022,9615.99,
Sun Aug 14 2022,8524.16,
Mon Aug 15 2022,10449.40,
Tue Aug 16 2022,11117.12,
Wed Aug 17 2022,13585.23,
Thu Aug 18 2022,13885.35,
Fri Aug 19 2022,12728.28,
Sat Aug 20 2022,11453.28,
Sun Aug 21 2022,9537.71,
Mon Aug 22 2022,13895.31,
Tue Aug 23 2022,15102.53,
Wed Aug 24 2022,15534.66,
Thu Aug 25 2022,15173.56,
Fri Aug 26 2022,17324.76,
Sat Aug 27 2022,15376.59,
Sun Aug 28 2022,11412.70,
Mon Aug 29 2022,16448.87,
Tue Aug 30 2022,16887.68,
Wed Aug 31 2022,15575.07,
Thu Sep 01 2022,14626.46,
Fri Sep 02 2022,11020.22,
Sat Sep 03 2022,7346.06,
Sun Sep 04 2022,6561.09,
Mon Sep 05 2022,9759.36,
Tue Sep 06 2022,11524.30,
Wed Sep 07 2022,11682.24,
Thu Sep 08 2022,11268.61,
Fri Sep 09 2022,8904.20,
Sat Sep 10 2022,9921.96,
Sun Sep 11 2022,9608.78,
Mon Sep 12 2022,10403.39,
Tue Sep 13 2022,10505.40,
Wed Sep 14 2022,11210.31,
Thu Sep 15 2022,9326.73,
Fri Sep 16 2022,6440.00,
Sat Sep 17 2022,3815.31,
Sun Sep 18 2022,2405.33,
Mon Sep 19 2022,6582.34,
Tue Sep 20 2022,8973.00,
Wed Sep 21 2022,9399.78,
Thu Sep 22 2022,9731.02,
Fri Sep 23 2022,9122.90,
Sat Sep 24 2022,8608.06,
Sun Sep 25 2022,6831.25,
Mon Sep 26 2022,7376.98,
Tue Sep 27 2022,7833.90,
Wed Sep 28 2022,9545.23,
Thu Sep 29 2022,10376.63,
Fri Sep 30 2022,8696.65,
Sat Oct 01 2022,3430.22,
Sun Oct 02 2022,3085.20,
Mon Oct 03 2022,5582.80,
Tue Oct 04 2022,6108.63,
Wed Oct 05 2022,4293.59,
Thu Oct 06 2022,4072.32,
Fri Oct 07 2022,4287.64,
Sat Oct 08 2022,3966.65,
Sun Oct 09 2022,3729.80,
Mon Oct 10 2022,4369.08,
Tue Oct 11 2022,6391.35,
Wed Oct 12 2022,6969.88,
Thu Oct 13 2022,6267.09,
Fri Oct 14 2022,6323.03,
Sat Oct 15 2022,3973.13,
Sun Oct 16 2022,2477.99,
Mon Oct 17 2022,4104.35,
Tue Oct 18 2022,4713.81,
Wed Oct 19 2022,4186.78,
Thu Oct 20 2022,4055.44,
Fri Oct 21 2022,4335.83,
Sat Oct 22 2022,3580.17,
Sun Oct 23 2022,2495.78,
Mon Oct 24 2022,3235.47,
Tue Oct 25 2022,3223.48,
Wed Oct 26 2022,3319.33,
Thu Oct 27 2022,3454.64,
Fri Oct 28 2022,2902.79,
Sat Oct 29 2022,2497.91,
Sun Oct 30 2022,2864.83,
Mon Oct 31 2022,3561.01,
Tue Nov 01 2022,2845.45,
Wed Nov 02 2022,2976.76,
Thu Nov 03 2022,3229.32,
Fri Nov 04 2022,4408.32,
Sat Nov 05 2022,3277.62,
Sun Nov 06 2022,2109.41,
Mon Nov 07 2022,2746.82,
Tue Nov 08 2022,3533.82,
Wed Nov 09 2022,4472.52,
Thu Nov 10 2022,5320.94,
Fri Nov 11 2022,4243.86,
Sat Nov 12 2022,4202.14,
Sun Nov 13 2022,3835.44,
Mon Nov 14 2022,4391.08,
Tue Nov 15 2022,5061.87,
Wed Nov 16 2022,4310.64,
Thu Nov 17 2022,3346.48,
Fri Nov 18 2022,4847.24,
Sat Nov 19 2022,4981.03,
Sun Nov 20 2022,5090.32,
Mon Nov 21 2022,6131.22,
Tue Nov 22 2022,5177.76,
Wed Nov 23 2022,5002.57,
Thu Nov 24 2022,6023.24,
Fri Nov 25 2022,6485.64,
Sat Nov 26 2022,5831.61,
Sun Nov 27 2022,4067.17,
Mon Nov 28 2022,7221.43,
Tue Nov 29 2022,9046.96,
Wed Nov 30 2022,9586.10,
Thu Dec 01 2022,9609.13,
Fri Dec 02 2022,8669.57,
Sat Dec 03 2022,7102.00,
Sun Dec 04 2022,6629.13,
Mon Dec 05 2022,7940.93,
Tue Dec 06 2022,8976.53,
Wed Dec 07 2022,8175.09,
Thu Dec 08 2022,9396.88,
Fri Dec 09 2022,9736.26,
Sat Dec 10 2022,8461.76,
Sun Dec 11 2022,7310.30,
Mon Dec 12 2022,9056.65,
Tue Dec 13 2022,10730.56,
Wed Dec 14 2022,10767.88,
Thu Dec 15 2022,9655.82,
Fri Dec 16 2022,9974.58,
Sat Dec 17 2022,6401.64,
Sun Dec 18 2022,4548.14,
Mon Dec 19 2022,4934.66,
Tue Dec 20 2022,4915.30,
Wed Dec 21 2022,5254.92,
Thu Dec 22 2022,4797.35,
Fri Dec 23 2022,4494.30,
Sat Dec 24 2022,2722.34,
Sun Dec 25 2022,2458.90,
Mon Dec 26 2022,1023.21,
Tue Dec 27 2022,2230.53,
Wed Dec 28 2022,1544.19,
Thu Dec 29 2022,813.39,
Fri Dec 30 2022,607.37,
Sat Dec 31 2022,-49.34,
Sun Jan 01 2023,395.01,
Mon Jan 02 2023,3006.63,
Tue Jan 03 2023,3537.43,
Wed Jan 04 2023,2851.40,
Thu Jan 05 2023,3373.85,
Fri Jan 06 2023,2920.95,
Sat Jan 07 2023,2563.64,
Sun Jan 08 2023,2140.98,
Mon Jan 09 2023,3233.76,
Tue Jan 10 2023,3241.21,
Wed Jan 11 2023,2760.34,
Thu Jan 12 2023,2858.27,
Fri Jan 13 2023,2912.48,
Sat Jan 14 2023,2409.61,
Sun Jan 15 2023,2224.82,
Mon Jan 16 2023,3124.03,
Tue Jan 17 2023,3264.52,
Wed Jan 18 2023,3372.08,
Thu Jan 19 2023,3518.68,
Fri Jan 20 2023,4176.48,
Sat Jan 21 2023,3245.54,
Sun Jan 22 2023,3488.37,
Mon Jan 23 2023,4848.00,
Tue Jan 24 2023,4849.31,
Wed Jan 25 2023,4340.20,
Thu Jan 26 2023,4015.51,
Fri Jan 27 2023,4020.54,
Sat Jan 28 2023,3474.78,
Sun Jan 29 2023,3088.89,
Mon Jan 30 2023,3282.84,
Tue Jan 31 2023,3432.33,
Wed Feb 01 2023,3517.56,
Thu Feb 02 2023,3417.36,
Fri Feb 03 2023,3056.18,
Sat Feb 04 2023,3414.92,
Sun Feb 05 2023,3049.94,
Mon Feb 06 2023,4117.57,
Tue Feb 07 2023,4171.68,
Wed Feb 08 2023,3764.29,
Thu Feb 09 2023,3277.21,
Fri Feb 10 2023,3357.55,
Sat Feb 11 2023,3311.33,
Sun Feb 12 2023,3297.64,
Mon Feb 13 2023,3880.74,
Tue Feb 14 2023,3713.75,
Wed Feb 15 2023,3622.52,
Thu Feb 16 2023,3529.23,
Fri Feb 17 2023,3331.28,
Sat Feb 18 2023,2654.94,
Sun Feb 19 2023,2701.02,
Mon Feb 20 2023,2515.20,
Tue Feb 21 2023,2839.66,
Wed Feb 22 2023,3535.94,
Thu Feb 23 2023,3494.87,
Fri Feb 24 2023,3186.50,
Sat Feb 25 2023,2016.03,
Sun Feb 26 2023,2573.10,
Mon Feb 27 2023,3580.65,
Tue Feb 28 2023,3483.38,
Wed Mar 01 2023,3465.67,
Thu Mar 02 2023,3541.43,
Fri Mar 03 2023,3303.01,
Sat Mar 04 2023,2638.71,
Sun Mar 05 2023,2877.50,
Mon Mar 06 2023,3556.83,
Tue Mar 07 2023,2781.93,
Wed Mar 08 2023,3278.19,
Thu Mar 09 2023,3044.32,
Fri Mar 10 2023,2749.21,
Sat Mar 11 2023,2276.91,
Sun Mar 12 2023,2318.92,
Mon Mar 13 2023,2374.16,
Tue Mar 14 2023,2095.33,
Wed Mar 15 2023,3045.18,
Thu Mar 16 2023,2606.57,
Fri Mar 17 2023,2252.60,
Sat Mar 18 2023,2618.33,
Sun Mar 19 2023,2679.31,
Mon Mar 20 2023,3011.37,
Tue Mar 21 2023,2825.94,
Wed Mar 22 2023,2487.20,
Thu Mar 23 2023,2672.88,
Fri Mar 24 2023,2063.25,
Sat Mar 25 2023,765.09,
Sun Mar 26 2023,1597.41,
Mon Mar 27 2023,2256.01,
Tue Mar 28 2023,2546.04,
Wed Mar 29 2023,2762.56,
Thu Mar 30 2023,2484.13,
Fri Mar 31 2023,2329.41,
Sat Apr 01 2023,1305.28,
Sun Apr 02 2023,1589.04,
Mon Apr 03 2023,2594.13,
Tue Apr 04 2023,3030.43,
Wed Apr 05 2023,3295.83,
Thu Apr 06 2023,2905.58,
Fri Apr 07 2023,2683.55,
Sat Apr 08 2023,2751.21,
Sun Apr 09 2023,2459.16,
Mon Apr 10 2023,1900.68,
Tue Apr 11 2023,2333.73,
Wed Apr 12 2023,2598.07,
Thu Apr 13 2023,2891.81,
Fri Apr 14 2023,2975.08,
Sat Apr 15 2023,2490.71,
Sun Apr 16 2023,2569.41,
Mon Apr 17 2023,2780.78,
Tue Apr 18 2023,2723.37,
Wed Apr 19 2023,2642.66,
Thu Apr 20 2023,2617.04,
Fri Apr 21 2023,2500.36,
Sat Apr 22 2023,2017.66,
Sun Apr 23 2023,2015.65,
Mon Apr 24 2023,2469.33,
Tue Apr 25 2023,2427.54,
Wed Apr 26 2023,2614.18,
Thu Apr 27 2023,2630.60,
Fri Apr 28 2023,2503.25,
Sat Apr 29 2023,2365.91,
Sun Apr 30 2023,1619.01,
Mon May 01 2023,1951.19,
Tue May 02 2023,2510.87,
Wed May 03 2023,2500.95,
Thu May 04 2023,2394.95,
Fri May 05 2023,2254.81,
Sat May 06 2023,2095.78,
Sun May 07 2023,1629.50,
Mon May 08 2023,2274.85,
Tue May 09 2023,2264.93,
Wed May 10 2023,2537.85,
Thu May 11 2023,2702.40,
Fri May 12 2023,2485.12,
Sat May 13 2023,1860.05,
Sun May 14 2023,1687.80,
Mon May 15 2023,2712.08,
Tue May 16 2023,2241.39,
Wed May 17 2023,2174.36,
Thu May 18 2023,2084.17,
Fri May 19 2023,2088.35,
Sat May 20 2023,1114.65,
Sun May 21 2023,700.68,
Mon May 22 2023,2307.17,
Tue May 23 2023,2165.47,
Wed May 24 2023,2408.40,
Thu May 25 2023,2104.16,
Fri May 26 2023,1717.90,
Sat May 27 2023,1466.09,
Sun May 28 2023,824.74,
Mon May 29 2023,977.84,
Tue May 30 2023,2087.56,
Wed May 31 2023,2024.89,
Thu Jun 01 2023,1767.89,
Fri Jun 02 2023,1898.89,
Sat Jun 03 2023,1335.94,
Sun Jun 04 2023,1196.18,
Mon Jun 05 2023,2125.09,
Tue Jun 06 2023,2254.83,
Wed Jun 07 2023,2358.82,
Thu Jun 08 2023,1991.44,
Fri Jun 09 2023,2049.77,
Sat Jun 10 2023,1344.69,
Sun Jun 11 2023,1010.29,
Mon Jun 12 2023,2304.82,
Tue Jun 13 2023,2219.22,
Wed Jun 14 2023,2508.45,
Thu Jun 15 2023,2832.07,
Fri Jun 16 2023,3036.40,
Sat Jun 17 2023,2489.91,
Sun Jun 18 2023,2210.89,
Mon Jun 19 2023,2790.19,
Tue Jun 20 2023,2882.88,
Wed Jun 21 2023,2939.84,
Thu Jun 22 2023,2989.99,
Fri Jun 23 2023,2633.35,
Sat Jun 24 2023,1926.57,
Sun Jun 25 2023,1774.97,
Mon Jun 26 2023,2552.73,
Tue Jun 27 2023,2455.59,
Wed Jun 28 2023,2661.30,
Thu Jun 29 2023,2800.32,
Fri Jun 30 2023,2658.13,
Sat Jul 01 2023,1683.58,
Sun Jul 02 2023,811.76,
Mon Jul 03 2023,2270.69,
Tue Jul 04 2023,2523.69,
Wed Jul 05 2023,2282.22,
Thu Jul 06 2023,2544.58,
Fri Jul 07 2023,2450.74,
Sat Jul 08 2023,1973.42,
Sun Jul 09 2023,2138.98,
Mon Jul 10 2023,2799.66,
Tue Jul 11 2023,2679.90,
Wed Jul 12 2023,2993.00,
Thu Jul 13 2023,2586.49,
Fri Jul 14 2023,2293.85,
Sat Jul 15 2023,781.64,
Sun Jul 16 2023,593.86,
Mon Jul 17 2023,2455.15,
Tue Jul 18 2023,2570.00,
Wed Jul 19 2023,2479.64,
Thu Jul 20 2023,2335.83,
Fri Jul 21 2023,2543.17,
Sat Jul 22 2023,1759.04,
Sun Jul 23 2023,670.83,
Mon Jul 24 2023,2297.83,
Tue Jul 25 2023,2510.84,
Wed Jul 26 2023,2362.11,
Thu Jul 27 2023,2293.36,
Fri Jul 28 2023,2297.38,
Sat Jul 29 2023,1863.43,
Sun Jul 30 2023,873.38,
Mon Jul 31 2023,1752.84,
Tue Aug 01 2023,2001.17,
Wed Aug 02 2023,1622.83,
Thu Aug 03 2023,1109.03,
Fri Aug 04 2023,2371.01,
Sat Aug 05 2023,2182.74,
Sun Aug 06 2023,1253.64,
Mon Aug 07 2023,661.18,
Tue Aug 08 2023,409.45,
Wed Aug 09 2023,2164.59,
Thu Aug 10 2023,2250.62,
Fri Aug 11 2023,2126.53,
Sat Aug 12 2023,1588.37,
Sun Aug 13 2023,1426.13,
Mon Aug 14 2023,2285.18,
Tue Aug 15 2023,2036.29,
Wed Aug 16 2023,2658.13,
Thu Aug 17 2023,2660.09,
Fri Aug 18 2023,2606.28,
Sat Aug 19 2023,2032.57,
Sun Aug 20 2023,2168.10,
Mon Aug 21 2023,2909.67,
Tue Aug 22 2023,2991.75,
Wed Aug 23 2023,3620.71,
Thu Aug 24 2023,3533.33,
Fri Aug 25 2023,2668.34,
Sat Aug 26 2023,2303.04,
Sun Aug 27 2023,2381.00,
Mon Aug 28 2023,2770.51,
Tue Aug 29 2023,2944.38,
Wed Aug 30 2023,2806.41,
Thu Aug 31 2023,2538.12,
Fri Sep 01 2023,2557.48,
Sat Sep 02 2023,2285.83,
Sun Sep 03 2023,1981.26,
Mon Sep 04 2023,2583.89,
Tue Sep 05 2023,2492.54,
Wed Sep 06 2023,2552.35,
Thu Sep 07 2023,2439.30,
Fri Sep 08 2023,2629.54,
Sat Sep 09 2023,2225.62,
Sun Sep 10 2023,2069.90,
Mon Sep 11 2023,3595.32,
Tue Sep 12 2023,3175.15,
Wed Sep 13 2023,2742.16,
Thu Sep 14 2023,2935.25,
Fri Sep 15 2023,2663.87,
Sat Sep 16 2023,2301.70,
Sun Sep 17 2023,2122.78,
Mon Sep 18 2023,2323.80,
Tue Sep 19 2023,1513.73,
Wed Sep 20 2023,2009.86,
Thu Sep 21 2023,2528.11,
Fri Sep 22 2023,2544.03,
Sat Sep 23 2023,2453.69,
Sun Sep 24 2023,1675.36,
Mon Sep 25 2023,2543.36,
Tue Sep 26 2023,3074.31,
Wed Sep 27 2023,2979.31,
Thu Sep 28 2023,2722.24,
Fri Sep 29 2023,2572.69,
Sat Sep 30 2023,2223.27,
Sun Oct 01 2023,1799.40,
Mon Oct 02 2023,2892.29,
Tue Oct 03 2023,1635.08,
Wed Oct 04 2023,1843.85,
Thu Oct 05 2023,2535.60,
Fri Oct 06 2023,2125.67,
Sat Oct 07 2023,1249.56,
Sun Oct 08 2023,2174.24,
Mon Oct 09 2023,2914.97,
Tue Oct 10 2023,2947.52,
Wed Oct 11 2023,2040.95,
Thu Oct 12 2023,3025.09,
Fri Oct 13 2023,2314.68,
Sat Oct 14 2023,1206.22,
Sun Oct 15 2023,1235.92,
Mon Oct 16 2023,3272.89,
Tue Oct 17 2023,3312.18,
Wed Oct 18 2023,2645.51,
Thu Oct 19 2023,2505.49,
Fri Oct 20 2023,2319.16,
Sat Oct 21 2023,1388.85,
Sun Oct 22 2023,1640.56,
Mon Oct 23 2023,3143.38,
Tue Oct 24 2023,2980.41,
Wed Oct 25 2023,3066.06,
Thu Oct 26 2023,3023.01,
Fri Oct 27 2023,2956.80,
Sat Oct 28 2023,2106.27,
Sun Oct 29 2023,721.63,
Mon Oct 30 2023,2330.28,
Tue Oct 31 2023,2599.89,
Wed Nov 01 2023,1518.02,
Thu Nov 02 2023,1567.62,
Fri Nov 03 2023,1469.32,
Sat Nov 04 2023,648.81,
Sun Nov 05 2023,753.34,
Mon Nov 06 2023,1766.07,
Tue Nov 07 2023,2484.79,
Wed Nov 08 2023,2219.99,
Thu Nov 09 2023,2384.84,
Fri Nov 10 2023,2361.01,
Sat Nov 11 2023,2374.28,
Sun Nov 12 2023,2379.64,
Mon Nov 13 2023,2453.17,
Tue Nov 14 2023,1805.63,
Wed Nov 15 2023,2496.63,
Thu Nov 16 2023,2864.46,
Fri Nov 17 2023,2956.08,
Sat Nov 18 2023,2293.22,
Sun Nov 19 2023,990.92,
Mon Nov 20 2023,2628.46,
Tue Nov 21 2023,3021.06,
Wed Nov 22 2023,2710.79,
Thu Nov 23 2023,2035.55,
Fri Nov 24 2023,1854.85,
Sat Nov 25 2023,2283.73,
Sun Nov 26 2023,2468.90,
Mon Nov 27 2023,2838.36,
Tue Nov 28 2023,2982.22,
Wed Nov 29 2023,3414.93,
Thu Nov 30 2023,4085.30,
Fri Dec 01 2023,3817.97,
Sat Dec 02 2023,2710.72,
Sun Dec 03 2023,2399.96,
Mon Dec 04 2023,2867.08,
Tue Dec 05 2023,2961.51,
Wed Dec 06 2023,3155.62,
Thu Dec 07 2023,2879.27,
Fri Dec 08 2023,2570.80,
Sat Dec 09 2023,2183.26,
Sun Dec 10 2023,1591.14,
Mon Dec 11 2023,2238.53,
Tue Dec 12 2023,2662.57,
Wed Dec 13 2023,2391.10,
Thu Dec 14 2023,2607.36,
Fri Dec 15 2023,2312.16,
Sat Dec 16 2023,1735.23,
Sun Dec 17 2023,1414.22,
Mon Dec 18 2023,1987.02,
Tue Dec 19 2023,1943.33,
Wed Dec 20 2023,1816.44,
Thu Dec 21 2023,1717.52,
Fri Dec 22 2023,656.03,
Sat Dec 23 2023,743.03,
Sun Dec 24 2023,19.23,
Mon Dec 25 2023,41.02,
Tue Dec 26 2023,405.82,
Wed Dec 27 2023,1472.00,
Thu Dec 28 2023,668.05,
Fri Dec 29 2023,278.49,
Sat Dec 30 2023,854.31,
Sun Dec 31 2023,332.53,
Mon Jan 01 2024,441.01,
Tue Jan 02 2024,1382.36,
Wed Jan 03 2024,1261.11,
Thu Jan 04 2024,2051.95,
Fri Jan 05 2024,2314.17,
Sat Jan 06 2024,2181.50,
Sun Jan 07 2024,2123.71,
Mon Jan 08 2024,2493.60,
Tue Jan 09 2024,2681.72,
Wed Jan 10 2024,2751.54,
Thu Jan 11 2024,2695.93,
Fri Jan 12 2024,2634.41,
Sat Jan 13 2024,2080.73,
Sun Jan 14 2024,1897.94,
Mon Jan 15 2024,2183.60,
Tue Jan 16 2024,2614.02,
Wed Jan 17 2024,2483.82,
Thu Jan 18 2024,2366.93,
Fri Jan 19 2024,2004.47,
Sat Jan 20 2024,1847.48,
Sun Jan 21 2024,1765.72,
Mon Jan 22 2024,2119.63,
Tue Jan 23 2024,1984.34,
Wed Jan 24 2024,1894.73,
Thu Jan 25 2024,1931.26,
Fri Jan 26 2024,1902.42,
Sat Jan 27 2024,1689.66,
Sun Jan 28 2024,1593.68,
Mon Jan 29 2024,2016.08,
Tue Jan 30 2024,1958.30,
Wed Jan 31 2024,2137.00,
Thu Feb 01 2024,2191.51,
Fri Feb 02 2024,2097.89,
Sat Feb 03 2024,1779.87,
Sun Feb 04 2024,1456.43,
Mon Feb 05 2024,1702.85,
Tue Feb 06 2024,1665.99,
Wed Feb 07 2024,1974.45,
Thu Feb 08 2024,2251.93,
Fri Feb 09 2024,1896.86,
Sat Feb 10 2024,1814.34,
Sun Feb 11 2024,1558.75,
Mon Feb 12 2024,1905.07,
Tue Feb 13 2024,1871.03,
Wed Feb 14 2024,1784.07,
Thu Feb 15 2024,1844.00,
Fri Feb 16 2024,1582.56,
Sat Feb 17 2024,1692.56,
Sun Feb 18 2024,1350.96,
Mon Feb 19 2024,1706.18,
Tue Feb 20 2024,1681.82,
Wed Feb 21 2024,1548.49,
Thu Feb 22 2024,1463.08,
Fri Feb 23 2024,1608.46,
Sat Feb 24 2024,1449.98,
Sun Feb 25 2024,1545.61,
Mon Feb 26 2024,1690.37,
Tue Feb 27 2024,1879.20,
Wed Feb 28 2024,1872.31,
Thu Feb 29 2024,1683.66,
Fri Mar 01 2024,1791.00,
Sat Mar 02 2024,1632.81,
Sun Mar 03 2024,1543.43,
Mon Mar 04 2024,1896.57,
Tue Mar 05 2024,1913.89,
Wed Mar 06 2024,2091.09,
Thu Mar 07 2024,1970.82,
Fri Mar 08 2024,1883.52,
Sat Mar 09 2024,1231.31,
Sun Mar 10 2024,932.78,
Mon Mar 11 2024,1815.92,
Tue Mar 12 2024,2165.89,
Wed Mar 13 2024,1896.69,
Thu Mar 14 2024,1765.94,
Fri Mar 15 2024,1490.08,
Sat Mar 16 2024,1407.20,
Sun Mar 17 2024,1523.51,
Mon Mar 18 2024,2076.87,
Tue Mar 19 2024,2077.48,
Wed Mar 20 2024,2207.65,
Thu Mar 21 2024,2032.07,
Fri Mar 22 2024,1736.28,
Sat Mar 23 2024,1038.85,
Sun Mar 24 2024,748.46,
Mon Mar 25 2024,2143.18,
Tue Mar 26 2024,1674.32,
Wed Mar 27 2024,1822.76,
Thu Mar 28 2024,1340.74,
Fri Mar 29 2024,949.14,
Sat Mar 30 2024,1289.39,
Sun Mar 31 2024,1045.10,
Mon Apr 01 2024,813.86,
Tue Apr 02 2024,849.31,
Wed Apr 03 2024,2135.60,
Thu Apr 04 2024,1660.47,
Fri Apr 05 2024,1330.40,
Sat Apr 06 2024,957.92,
Sun Apr 07 2024,525.62,
Mon Apr 08 2024,1866.79,
Tue Apr 09 2024,1506.72,
Wed Apr 10 2024,1738.73,
Thu Apr 11 2024,1485.67,
Fri Apr 12 2024,1517.25,
Sat Apr 13 2024,448.77,
Sun Apr 14 2024,407.30,
Mon Apr 15 2024,2031.90,
Tue Apr 16 2024,1686.99,
Wed Apr 17 2024,2350.93,
Thu Apr 18 2024,2403.09,
Fri Apr 19 2024,1747.06,
Sat Apr 20 2024,1513.54,
Sun Apr 21 2024,1379.21,
Mon Apr 22 2024,2488.67,
Tue Apr 23 2024,2533.91,
Wed Apr 24 2024,2461.30,
Thu Apr 25 2024,2295.79,
Fri Apr 26 2024,2174.25,
Sat Apr 27 2024,1553.29,
Sun Apr 28 2024,332.03,
Mon Apr 29 2024,1980.35,
Tue Apr 30 2024,1677.04,
Wed May 01 2024,154.00,
Thu May 02 2024,967.00,
Fri May 03 2024,1984.90,
Sat May 04 2024,1827.62,
Sun May 05 2024,1337.56,
Mon May 06 2024,2219.58,
Tue May 07 2024,2321.54,
Wed May 08 2024,2251.79,
Thu May 09 2024,1543.89,
Fri May 10 2024,1869.44,
Sat May 11 2024,1353.84,
Sun May 12 2024,155.74,
Mon May 13 2024,1210.88,
Tue May 14 2024,983.90,
Wed May 15 2024,1314.92,
Thu May 16 2024,1458.79,
Fri May 17 2024,2067.76,
Sat May 18 2024,1396.46,
Sat May 18 2024,,1504.59
Sat May 18 2024,,1566.61
Sat May 18 2024,,1624.68
Sat May 18 2024,,1721.05
Sat May 18 2024,,1821.37
Sat May 18 2024,,1797.41
Sat May 18 2024,,1757.62
Sat May 18 2024,,1589.84
Sat May 18 2024,,1180.15
Sat May 18 2024,,233.02
Sat May 18 2024,,17.54
Sat May 18 2024,,-0.49
Sat May 18 2024,,-33.61
Sat May 18 2024,,-72.65
Sat May 18 2024,,-56.59
Sat May 18 2024,,-6.42
Sat May 18 2024,,1262.68
Sat May 18 2024,,2099.61
Sat May 18 2024,,2747.01
Sat May 18 2024,,3305.21
Sat May 18 2024,,3052.18
Sat May 18 2024,,2449.5
Sat May 18 2024,,2210.31
Sun May 19 2024,1274.92,2255.28
Sun May 19 2024,,2245.89
Sun May 19 2024,,2226.37
Sun May 19 2024,,2191.28
Sun May 19 2024,,2170.28
Sun May 19 2024,,2028.94
Sun May 19 2024,,1884.88
Sun May 19 2024,,1747.74
Sun May 19 2024,,1151.49
Sun May 19 2024,,68.94
Sun May 19 2024,,-83.52
Sun May 19 2024,,-108.72
Sun May 19 2024,,-175.44
Sun May 19 2024,,-327.9
Sun May 19 2024,,-526.08
Sun May 19 2024,,-384.49
Sun May 19 2024,,-120.58
Sun May 19 2024,,26.44
Sun May 19 2024,,1704
Sun May 19 2024,,2146.8
Sun May 19 2024,,2670.66
Sun May 19 2024,,3067.75
Sun May 19 2024,,2574.78
Sun May 19 2024,,2163.36
Mon May 20 2024,1746.21,2274.07
Mon May 20 2024,,2054.58
Mon May 20 2024,,2189.69
Mon May 20 2024,,2180.28
Mon May 20 2024,,2233.73
Mon May 20 2024,,2321.58
Mon May 20 2024,,2641.28
Mon May 20 2024,,2650.19
Mon May 20 2024,,1778.42
Mon May 20 2024,,749.03
Mon May 20 2024,,251.16
Mon May 20 2024,,91.8
Mon May 20 2024,,12.37
Mon May 20 2024,,-49
Mon May 20 2024,,-63.1
Mon May 20 2024,,457.78
Mon May 20 2024,,866.08
Mon May 20 2024,,2240.16
Mon May 20 2024,,2512.85
Mon May 20 2024,,3041.66
Mon May 20 2024,,3607.57
Mon May 20 2024,,3080.26
Mon May 20 2024,,2585.85
Mon May 20 2024,,2200.82
Tue May 21 2024,2077.58,2148.11
Tue May 21 2024,,1932.34
Tue May 21 2024,,1860.58
Tue May 21 2024,,1905.61
Tue May 21 2024,,1817.27
Tue May 21 2024,,1994.94
Tue May 21 2024,,2757.58
Tue May 21 2024,,3041.9
Tue May 21 2024,,2401.25
Tue May 21 2024,,2053.09
Tue May 21 2024,,1682.91
Tue May 21 2024,,1374.34
Tue May 21 2024,,1014.79
Tue May 21 2024,,1527.01
Tue May 21 2024,,1396.61
Tue May 21 2024,,1766.3
Tue May 21 2024,,2019.93
Tue May 21 2024,,2227.3
Tue May 21 2024,,2542.3
Tue May 21 2024,,3228.98
Tue May 21 2024,,2428.47
Tue May 21 2024,,2283.47
Tue May 21 2024,,2304.01
Tue May 21 2024,,2152.82
Wed May 22 2024,2152.11,1778.42
Wed May 22 2024,,1574.77
Wed May 22 2024,,1598.28
Wed May 22 2024,,1474.55
Wed May 22 2024,,1504.25
Wed May 22 2024,,1727.45
Wed May 22 2024,,2410.41
Wed May 22 2024,,2574.47
Wed May 22 2024,,2474.5
Wed May 22 2024,,2051.11
Wed May 22 2024,,1801.19
Wed May 22 2024,,1782.63
Wed May 22 2024,,1596.79
Wed May 22 2024,,1386.21
Wed May 22 2024,,1486.93
Wed May 22 2024,,1828.16
Wed May 22 2024,,2140.94
Wed May 22 2024,,2257.49
Wed May 22 2024,,2444.31
Wed May 22 2024,,3642.22
Wed May 22 2024,,3825.08
Wed May 22 2024,,3301.73
Wed May 22 2024,,2674.69
Wed May 22 2024,,2314.15
Thu May 23 2024,2298.84,1936.64
Thu May 23 2024,,1910.73
Thu May 23 2024,,1804.11
Thu May 23 2024,,1853.96
Thu May 23 2024,,1894.68
Thu May 23 2024,,2053.87
Thu May 23 2024,,2616.57
Thu May 23 2024,,2889.29
Thu May 23 2024,,2403.34
Thu May 23 2024,,1864.08
Thu May 23 2024,,1828.29
Thu May 23 2024,,1594.08
Thu May 23 2024,,1305.08
Thu May 23 2024,,1117.02
Thu May 23 2024,,1426.01
Thu May 23 2024,,1807.32
Thu May 23 2024,,2092.37
Thu May 23 2024,,2340.9
Thu May 23 2024,,2790.81
Thu May 23 2024,,3803.93
Thu May 23 2024,,4381.69
Thu May 23 2024,,3783.44
Thu May 23 2024,,3093.39
Thu May 23 2024,,2580.54
Fri May 24 2024,2464.04,2547.52
Fri May 24 2024,,2320.81
Fri May 24 2024,,2215.12
Fri May 24 2024,,2170.82
Fri May 24 2024,,2248.54
Fri May 24 2024,,2542.82
Fri May 24 2024,,3042.52
Fri May 24 2024,,3026.93
Fri May 24 2024,,2647.26
Fri May 24 2024,,2465.59
Fri May 24 2024,,2213.64
Fri May 24 2024,,2018.61
Fri May 24 2024,,1978.76
Fri May 24 2024,,1913.67
Fri May 24 2024,,1940.65
Fri May 24 2024,,2056.48
Fri May 24 2024,,2085.68
Fri May 24 2024,,2448.52
Fri May 24 2024,,2770.27
Fri May 24 2024,,3206.11
Fri May 24 2024,,3269.72
Fri May 24 2024,,2821.5
Fri May 24 2024,,2714.33
Fri May 24 2024,,2471.04
Sat May 25 2024,1768.17,2346.86
Sat May 25 2024,,2270.18
Sat May 25 2024,,2235.55
Sat May 25 2024,,2204.63
Sat May 25 2024,,2201.66
Sat May 25 2024,,2270.92
Sat May 25 2024,,2273.15
Sat May 25 2024,,2129.93
Sat May 25 2024,,1884.31
Sat May 25 2024,,1591.45
Sat May 25 2024,,1004.98
Sat May 25 2024,,228.8
Sat May 25 2024,,80.14
Sat May 25 2024,,0.99
Sat May 25 2024,,0
Sat May 25 2024,,0.49
Sat May 25 2024,,350.99
Sat May 25 2024,,1872.93
Sat May 25 2024,,2372.58
Sat May 25 2024,,2862.33
Sat May 25 2024,,3318.69
Sat May 25 2024,,3430.99
Sat May 25 2024,,2895.48
Sat May 25 2024,,2608.06
Sun May 26 2024,1447.23,2724.01
Sun May 26 2024,,2529.88
Sun May 26 2024,,2331.54
Sun May 26 2024,,2334.02
Sun May 26 2024,,2365.92
Sun May 26 2024,,2300.14
Sun May 26 2024,,2163.38
Sun May 26 2024,,1860.44
Sun May 26 2024,,327.67
Sun May 26 2024,,0.49
Sun May 26 2024,,0
Sun May 26 2024,,-2.23
Sun May 26 2024,,-53.42
Sun May 26 2024,,-267.83
Sun May 26 2024,,-600.44
Sun May 26 2024,,-249.03
Sun May 26 2024,,-15.09
Sun May 26 2024,,1426.67
Sun May 26 2024,,2322.39
Sun May 26 2024,,2792.76
Sun May 26 2024,,2801.17
Sun May 26 2024,,2901.82
Sun May 26 2024,,2575.38
Sun May 26 2024,,2163.88
Mon May 27 2024,2518.71,1916.33
Mon May 27 2024,,1873.05
Mon May 27 2024,,1858.21
Mon May 27 2024,,1858.21
Mon May 27 2024,,1946
Mon May 27 2024,,2099.08
Mon May 27 2024,,2698.04
Mon May 27 2024,,3133.04
Mon May 27 2024,,2978.98
Mon May 27 2024,,2236.83
Mon May 27 2024,,1916.33
Mon May 27 2024,,1851.29
Mon May 27 2024,,1717.99
Mon May 27 2024,,1688.81
Mon May 27 2024,,1667.79
Mon May 27 2024,,1918.31
Mon May 27 2024,,2130.74
Mon May 27 2024,,2601.6
Mon May 27 2024,,3137.5
Mon May 27 2024,,4351.49
Mon May 27 2024,,5154.72
Mon May 27 2024,,3873.21
Mon May 27 2024,,3149.12
Mon May 27 2024,,2692.36
Tue May 28 2024,2248.83,2440.85
Tue May 28 2024,,2234.85
Tue May 28 2024,,2182.67
Tue May 28 2024,,2110.21
Tue May 28 2024,,2076.83
Tue May 28 2024,,2193.8
Tue May 28 2024,,2769.76
Tue May 28 2024,,3016.32
Tue May 28 2024,,2557.82
Tue May 28 2024,,2137.17
Tue May 28 2024,,1814.93
Tue May 28 2024,,1744.21
Tue May 28 2024,,1541.17
Tue May 28 2024,,1394.03
Tue May 28 2024,,1394.28
Tue May 28 2024,,1656.91
Tue May 28 2024,,1837.19
Tue May 28 2024,,2136.42
Tue May 28 2024,,2494.02
Tue May 28 2024,,3063.31
Tue May 28 2024,,3471.84
Tue May 28 2024,,2885
Tue May 28 2024,,2506.88
Tue May 28 2024,,2311.51
Wed May 29 2024,2027.95,1740.35
Wed May 29 2024,,1497.7
Wed May 29 2024,,1246.15
Wed May 29 2024,,1500.43
Wed May 29 2024,,1485.09
Wed May 29 2024,,1408.16
Wed May 29 2024,,1989.19
Wed May 29 2024,,2382.72
Wed May 29 2024,,2282.55
Wed May 29 2024,,1724.28
Wed May 29 2024,,1691.13
Wed May 29 2024,,1549.65
Wed May 29 2024,,1469.26
Wed May 29 2024,,1550.14
Wed May 29 2024,,1548.66
Wed May 29 2024,,1738.13
Wed May 29 2024,,1784.63
Wed May 29 2024,,2277.1
Wed May 29 2024,,2552.65
Wed May 29 2024,,2923.92
Wed May 29 2024,,3393.15
Wed May 29 2024,,3462.9
Wed May 29 2024,,2999.37
Wed May 29 2024,,2473.5
Thu May 30 2024,2369.41,2513.79
Thu May 30 2024,,2418.91
Thu May 30 2024,,2303.81
Thu May 30 2024,,2364.69
Thu May 30 2024,,2404.12
Thu May 30 2024,,2563.57
Thu May 30 2024,,2587.72
Thu May 30 2024,,2555.19
Thu May 30 2024,,2357.29
Thu May 30 2024,,2266.35
Thu May 30 2024,,2037.16
Thu May 30 2024,,1938.58
Thu May 30 2024,,1762.12
Thu May 30 2024,,1565.2
Thu May 30 2024,,1564.71
Thu May 30 2024,,1682.51
Thu May 30 2024,,2081.52
Thu May 30 2024,,2243.93
Thu May 30 2024,,2674.48
Thu May 30 2024,,3008.17
Thu May 30 2024,,3472.48
Thu May 30 2024,,3316.72
Thu May 30 2024,,2699.12
Thu May 30 2024,,2483.72
Fri May 31 2024,2241.02,2394.86
Fri May 31 2024,,2014.35
Fri May 31 2024,,1975.77
Fri May 31 2024,,1849.18
Fri May 31 2024,,1872.42
Fri May 31 2024,,2233.41
Fri May 31 2024,,2658.18
Fri May 31 2024,,2751.15
Fri May 31 2024,,2742.5
Fri May 31 2024,,2521.95
Fri May 31 2024,,2247.01
Fri May 31 2024,,2060.58
Fri May 31 2024,,1888.99
Fri May 31 2024,,1729.02
Fri May 31 2024,,1644.46
Fri May 31 2024,,1678.58
Fri May 31 2024,,1877.62
Fri May 31 2024,,2143.66
Fri May 31 2024,,2484.12
Fri May 31 2024,,2763.02
Fri May 31 2024,,2855.74
Fri May 31 2024,,2620.6
Fri May 31 2024,,2562.99
Fri May 31 2024,,2214.37
Sat Jun 01 2024,1500.12,2178.52
Sat Jun 01 2024,,2090.34
Sat Jun 01 2024,,2025.44
Sat Jun 01 2024,,1800.53
Sat Jun 01 2024,,1829.02
Sat Jun 01 2024,,1828.27
Sat Jun 01 2024,,1950.39
Sat Jun 01 2024,,1870.13
Sat Jun 01 2024,,1817.13
Sat Jun 01 2024,,1537.97
Sat Jun 01 2024,,1184.01
Sat Jun 01 2024,,1051.98
Sat Jun 01 2024,,532.55
Sat Jun 01 2024,,187.01
Sat Jun 01 2024,,69.85
Sat Jun 01 2024,,138.22
Sat Jun 01 2024,,326.47
Sat Jun 01 2024,,1290.76
Sat Jun 01 2024,,1994.73
Sat Jun 01 2024,,2098.27
Sat Jun 01 2024,,1981.6
Sat Jun 01 2024,,2003.4
Sat Jun 01 2024,,2260.51
Sat Jun 01 2024,,1955.84
Sun Jun 02 2024,670.86,1316.78
Sun Jun 02 2024,,1210.55
Sun Jun 02 2024,,968.19
Sun Jun 02 2024,,835.52
Sun Jun 02 2024,,213.7
Sun Jun 02 2024,,119.57
Sun Jun 02 2024,,121.05
Sun Jun 02 2024,,101.54
Sun Jun 02 2024,,23.96
Sun Jun 02 2024,,0
Sun Jun 02 2024,,34.34
Sun Jun 02 2024,,11.12
Sun Jun 02 2024,,-12.35
Sun Jun 02 2024,,-125.5
Sun Jun 02 2024,,-432.09
Sun Jun 02 2024,,-472.36
Sun Jun 02 2024,,-162.06
Sun Jun 02 2024,,-70.16
Sun Jun 02 2024,,967.94
Sun Jun 02 2024,,1957.13
Sun Jun 02 2024,,2068.8
Sun Jun 02 2024,,2522.63
Sun Jun 02 2024,,2584.64
Sun Jun 02 2024,,2317.58
Mon Jun 03 2024,2888.14,2339.81
Mon Jun 03 2024,,2147.85
Mon Jun 03 2024,,2129.82
Mon Jun 03 2024,,2115
Mon Jun 03 2024,,2068.8
Mon Jun 03 2024,,2427.76
Mon Jun 03 2024,,3226.72
Mon Jun 03 2024,,4738.17
Mon Jun 03 2024,,4022.22
Mon Jun 03 2024,,3139.02
Mon Jun 03 2024,,2439.62
Mon Jun 03 2024,,2364.52
Mon Jun 03 2024,,2003.33
Mon Jun 03 2024,,1874.62
Mon Jun 03 2024,,1768.63
Mon Jun 03 2024,,1814.58
Mon Jun 03 2024,,1951.2
Mon Jun 03 2024,,2692.6
Mon Jun 03 2024,,3186.45
Mon Jun 03 2024,,4427.63
Mon Jun 03 2024,,5201.14
Mon Jun 03 2024,,4750.03
Mon Jun 03 2024,,3598.53
Mon Jun 03 2024,,2887.27
Tue Jun 04 2024,2656.93,2646.4
Tue Jun 04 2024,,2480.38
Tue Jun 04 2024,,2365.5
Tue Jun 04 2024,,2339.56
Tue Jun 04 2024,,2332.4
Tue Jun 04 2024,,2608.11
Tue Jun 04 2024,,3504.65
Tue Jun 04 2024,,4275.2
Tue Jun 04 2024,,3493.29
Tue Jun 04 2024,,2742.75
Tue Jun 04 2024,,2234.32
Tue Jun 04 2024,,1998.14
Tue Jun 04 2024,,1679.45
Tue Jun 04 2024,,1384.96
Tue Jun 04 2024,,1159.9
Tue Jun 04 2024,,1108.02
Tue Jun 04 2024,,1965.78
Tue Jun 04 2024,,2342.78
Tue Jun 04 2024,,2957.44
Tue Jun 04 2024,,4162.55
Tue Jun 04 2024,,5536.39
Tue Jun 04 2024,,3441.16
Tue Jun 04 2024,,2764.98
Tue Jun 04 2024,,2242.23
Wed Jun 05 2024,2210.53,1902.7
Wed Jun 05 2024,,1575.41
Wed Jun 05 2024,,1553.4
Wed Jun 05 2024,,1645.12
Wed Jun 05 2024,,1607.05
Wed Jun 05 2024,,2040.14
Wed Jun 05 2024,,2693.74
Wed Jun 05 2024,,3637.05
Wed Jun 05 2024,,2820.55
Wed Jun 05 2024,,2111.58
Wed Jun 05 2024,,1754.87
Wed Jun 05 2024,,1588.26
Wed Jun 05 2024,,1242.43
Wed Jun 05 2024,,770.52
Wed Jun 05 2024,,672.14
Wed Jun 05 2024,,1451.31
Wed Jun 05 2024,,1443.15
Wed Jun 05 2024,,2253.72
Wed Jun 05 2024,,2863.07
Wed Jun 05 2024,,3269.96
Wed Jun 05 2024,,3848.9
Wed Jun 05 2024,,3970.28
Wed Jun 05 2024,,3545.84
Wed Jun 05 2024,,2791.63
Thu Jun 06 2024,2171.98,2500.77
Thu Jun 06 2024,,2395.77
Thu Jun 06 2024,,2192.2
Thu Jun 06 2024,,2171.4
Thu Jun 06 2024,,2234.05
Thu Jun 06 2024,,2556.24
Thu Jun 06 2024,,3098.84
Thu Jun 06 2024,,3182.3
Thu Jun 06 2024,,2419.54
Thu Jun 06 2024,,1781.35
Thu Jun 06 2024,,1431.42
Thu Jun 06 2024,,737.75
Thu Jun 06 2024,,568.11
Thu Jun 06 2024,,444.53
Thu Jun 06 2024,,577.77
Thu Jun 06 2024,,734.03
Thu Jun 06 2024,,1415.57
Thu Jun 06 2024,,2273.92
Thu Jun 06 2024,,2584.23
Thu Jun 06 2024,,2971.06
Thu Jun 06 2024,,3912.87
Thu Jun 06 2024,,4045.36
Thu Jun 06 2024,,3221.18
Thu Jun 06 2024,,2677.34
Fri Jun 07 2024,2047.80,2539.26
Fri Jun 07 2024,,2357.23
Fri Jun 07 2024,,2234.65
Fri Jun 07 2024,,2118.72
Fri Jun 07 2024,,2036.34
Fri Jun 07 2024,,2366.61
Fri Jun 07 2024,,2800.46
Fri Jun 07 2024,,2906.52
Fri Jun 07 2024,,2515.83
Fri Jun 07 2024,,1942.62
Fri Jun 07 2024,,1505.06
Fri Jun 07 2024,,1020.88
Fri Jun 07 2024,,836.39
Fri Jun 07 2024,,625.5
Fri Jun 07 2024,,412.15
Fri Jun 07 2024,,221.74
Fri Jun 07 2024,,621.06
Fri Jun 07 2024,,1565.49
Fri Jun 07 2024,,2399.41
Fri Jun 07 2024,,3087.32
Fri Jun 07 2024,,3685.2
Fri Jun 07 2024,,3715.54
Fri Jun 07 2024,,3083.12
Fri Jun 07 2024,,2550.11
Sat Jun 08 2024,1180.36,2498.73
Sat Jun 08 2024,,2292.29
Sat Jun 08 2024,,2129.7
Sat Jun 08 2024,,2071.31
Sat Jun 08 2024,,2072.05
Sat Jun 08 2024,,2039.29
Sat Jun 08 2024,,1976.22
Sat Jun 08 2024,,1566.29
Sat Jun 08 2024,,1046.49
Sat Jun 08 2024,,298.33
Sat Jun 08 2024,,-5.42
Sat Jun 08 2024,,-56.91
Sat Jun 08 2024,,-255.96
Sat Jun 08 2024,,-590.01
Sat Jun 08 2024,,-747.67
Sat Jun 08 2024,,-514.38
Sat Jun 08 2024,,-84.25
Sat Jun 08 2024,,328.14
Sat Jun 08 2024,,1570.97
Sat Jun 08 2024,,2006.52
Sat Jun 08 2024,,2333.43
Sat Jun 08 2024,,2016.37
Sat Jun 08 2024,,2403.64
Sat Jun 08 2024,,1933.35
Sun Jun 09 2024,701.68,1825.43
Sun Jun 09 2024,,1559.28
Sun Jun 09 2024,,1008.56
Sun Jun 09 2024,,309.4
Sun Jun 09 2024,,372.56
Sun Jun 09 2024,,212.82
Sun Jun 09 2024,,143.76
Sun Jun 09 2024,,54.56
Sun Jun 09 2024,,-4.67
Sun Jun 09 2024,,-50.38
Sun Jun 09 2024,,-189.72
Sun Jun 09 2024,,-372.31
Sun Jun 09 2024,,-606.51
Sun Jun 09 2024,,-797.46
Sun Jun 09 2024,,-912.72
Sun Jun 09 2024,,-709.23
Sun Jun 09 2024,,-29.74
Sun Jun 09 2024,,210.12
Sun Jun 09 2024,,1935.77
Sun Jun 09 2024,,2396.55
Sun Jun 09 2024,,2830.3
Sun Jun 09 2024,,2599.05
Sun Jun 09 2024,,2661.96
Sun Jun 09 2024,,2392.87
Mon Jun 10 2024,2342.33,1812.9
Mon Jun 10 2024,,1781.93
Mon Jun 10 2024,,1686.34
Mon Jun 10 2024,,1702.06
Mon Jun 10 2024,,1727.87
Mon Jun 10 2024,,1921.27
Mon Jun 10 2024,,2889.77
Mon Jun 10 2024,,4521.06
Mon Jun 10 2024,,3557.97
Mon Jun 10 2024,,2595.86
Mon Jun 10 2024,,2166.53
Mon Jun 10 2024,,2056.93
Mon Jun 10 2024,,1797.91
Mon Jun 10 2024,,1797.91
Mon Jun 10 2024,,1644.56
Mon Jun 10 2024,,1642.35
Mon Jun 10 2024,,2009.25
Mon Jun 10 2024,,2230.92
Mon Jun 10 2024,,2580.38
Mon Jun 10 2024,,2993.48
Mon Jun 10 2024,,3299.44
Mon Jun 10 2024,,2977.02
Mon Jun 10 2024,,2654.59
Mon Jun 10 2024,,2167.51
Tue Jun 11 2024,1834.56,1836.98
Tue Jun 11 2024,,1688.79
Tue Jun 11 2024,,1556.33
Tue Jun 11 2024,,1478.43
Tue Jun 11 2024,,1496.37
Tue Jun 11 2024,,1597.87
Tue Jun 11 2024,,2088.88
Tue Jun 11 2024,,2484.78
Tue Jun 11 2024,,2266.55
Tue Jun 11 2024,,1769.65
Tue Jun 11 2024,,1499.57
Tue Jun 11 2024,,1479.91
Tue Jun 11 2024,,1498.09
Tue Jun 11 2024,,943.93
Tue Jun 11 2024,,757.4
Tue Jun 11 2024,,1420.43
Tue Jun 11 2024,,1157.48
Tue Jun 11 2024,,1601.31
Tue Jun 11 2024,,2010.73
Tue Jun 11 2024,,2679.41
Tue Jun 11 2024,,2999.38
Tue Jun 11 2024,,2934.75
Tue Jun 11 2024,,2548.43
Tue Jun 11 2024,,2233.87
Wed Jun 12 2024,2281.31,2189.07
Wed Jun 12 2024,,2097.42
Wed Jun 12 2024,,1960.21
Wed Jun 12 2024,,2017.36
Wed Jun 12 2024,,2111.71
Wed Jun 12 2024,,2318.89
Wed Jun 12 2024,,3025.67
Wed Jun 12 2024,,3256.5
Wed Jun 12 2024,,2750.01
Wed Jun 12 2024,,1964.89
Wed Jun 12 2024,,1609.16
Wed Jun 12 2024,,1495.1
Wed Jun 12 2024,,1497.07
Wed Jun 12 2024,,1235.2
Wed Jun 12 2024,,1261.31
Wed Jun 12 2024,,1138.14
Wed Jun 12 2024,,1558.16
Wed Jun 12 2024,,2244
Wed Jun 12 2024,,2544.55
Wed Jun 12 2024,,3159.93
Wed Jun 12 2024,,3722.84
Wed Jun 12 2024,,3784.92
Wed Jun 12 2024,,3176.19
Wed Jun 12 2024,,2633.24
Thu Jun 13 2024,2398.41,2463.83
Thu Jun 13 2024,,2304.24
Thu Jun 13 2024,,2076.46
Thu Jun 13 2024,,2103.63
Thu Jun 13 2024,,2073.24
Thu Jun 13 2024,,2464.08
Thu Jun 13 2024,,3026.61
Thu Jun 13 2024,,3224
Thu Jun 13 2024,,2878.38
Thu Jun 13 2024,,2101.41
Thu Jun 13 2024,,1747.38
Thu Jun 13 2024,,1562.84
Thu Jun 13 2024,,1351.86
Thu Jun 13 2024,,1191.03
Thu Jun 13 2024,,1133.71
Thu Jun 13 2024,,1601.87
Thu Jun 13 2024,,2156.75
Thu Jun 13 2024,,2261.99
Thu Jun 13 2024,,2826
Thu Jun 13 2024,,3526.89
Thu Jun 13 2024,,4791.04
Thu Jun 13 2024,,3994.3
Thu Jun 13 2024,,2625.4
Thu Jun 13 2024,,2074.97
Fri Jun 14 2024,1880.27,1959.45
Fri Jun 14 2024,,1675.65
Fri Jun 14 2024,,1502.75
Fri Jun 14 2024,,1497.07
Fri Jun 14 2024,,1400.49
Fri Jun 14 2024,,1615.87
Fri Jun 14 2024,,2030.34
Fri Jun 14 2024,,2402.07
Fri Jun 14 2024,,2367.74
Fri Jun 14 2024,,2077.52
Fri Jun 14 2024,,1774.69
Fri Jun 14 2024,,1580.8
Fri Jun 14 2024,,1513.37
Fri Jun 14 2024,,1194.99
Fri Jun 14 2024,,1026.04
Fri Jun 14 2024,,1029
Fri Jun 14 2024,,1421.98
Fri Jun 14 2024,,1903.88
Fri Jun 14 2024,,2181.26
Fri Jun 14 2024,,3309.8
Fri Jun 14 2024,,3254.47
Fri Jun 14 2024,,2815.8
Fri Jun 14 2024,,2126.18
Fri Jun 14 2024,,1465.2
Sat Jun 15 2024,225.07,1512.88
Sat Jun 15 2024,,1062.1
Sat Jun 15 2024,,793.86
Sat Jun 15 2024,,815.59
Sat Jun 15 2024,,549.33
Sat Jun 15 2024,,239.1
Sat Jun 15 2024,,38.04
Sat Jun 15 2024,,2.22
Sat Jun 15 2024,,0
Sat Jun 15 2024,,-1.48
Sat Jun 15 2024,,-248.98
Sat Jun 15 2024,,-729.88
Sat Jun 15 2024,,-1129.28
Sat Jun 15 2024,,-1624.27
Sat Jun 15 2024,,-1985.88
Sat Jun 15 2024,,-1408.64
Sat Jun 15 2024,,-794.11
Sat Jun 15 2024,,-228.97
Sat Jun 15 2024,,-12.84
Sat Jun 15 2024,,1661.08
Sat Jun 15 2024,,2134.08
Sat Jun 15 2024,,2354.65
Sat Jun 15 2024,,1473.85
Sat Jun 15 2024,,929.21
Sun Jun 16 2024,570.44,669.46
Sun Jun 16 2024,,306.03
Sun Jun 16 2024,,172.19
Sun Jun 16 2024,,121.72
Sun Jun 16 2024,,111.58
Sun Jun 16 2024,,119.49
Sun Jun 16 2024,,101.43
Sun Jun 16 2024,,11.63
Sun Jun 16 2024,,-0.49
Sun Jun 16 2024,,-32.41
Sun Jun 16 2024,,-248.64
Sun Jun 16 2024,,-331.52
Sun Jun 16 2024,,-497.03
Sun Jun 16 2024,,-745.66
Sun Jun 16 2024,,-887.18
Sun Jun 16 2024,,-722.9
Sun Jun 16 2024,,-285.99
Sun Jun 16 2024,,-157.84
Sun Jun 16 2024,,1669.7
Sun Jun 16 2024,,2597.7
Sun Jun 16 2024,,3062.32
Sun Jun 16 2024,,3222.39
Sun Jun 16 2024,,3070.23
Sun Jun 16 2024,,2364.4
Mon Jun 17 2024,2394.71,2040.06
Mon Jun 17 2024,,1706.57
Mon Jun 17 2024,,1692.71
Mon Jun 17 2024,,1751.84
Mon Jun 17 2024,,1795.38
Mon Jun 17 2024,,2228.83
Mon Jun 17 2024,,2940.1
Mon Jun 17 2024,,3164.74
Mon Jun 17 2024,,2663.01
Mon Jun 17 2024,,2039.57
Mon Jun 17 2024,,1525.47
Mon Jun 17 2024,,1393.36
Mon Jun 17 2024,,1041.55
Mon Jun 17 2024,,985.89
Mon Jun 17 2024,,1186.04
Mon Jun 17 2024,,1397.32
Mon Jun 17 2024,,1655.11
Mon Jun 17 2024,,2143.47
Mon Jun 17 2024,,2939.11
Mon Jun 17 2024,,4438.11
Mon Jun 17 2024,,5507.62
Mon Jun 17 2024,,5249.58
Mon Jun 17 2024,,3441.58
Mon Jun 17 2024,,2545.99
Tue Jun 18 2024,2421.74,2585.58
Tue Jun 18 2024,,2279.54
Tue Jun 18 2024,,2193.94
Tue Jun 18 2024,,2171.43
Tue Jun 18 2024,,2175.39
Tue Jun 18 2024,,2402.01
Tue Jun 18 2024,,3379.98
Tue Jun 18 2024,,3149.4
Tue Jun 18 2024,,2332.73
Tue Jun 18 2024,,1825.81
Tue Jun 18 2024,,1488.11
Tue Jun 18 2024,,1284.75
Tue Jun 18 2024,,1179.85
Tue Jun 18 2024,,1128.14
Tue Jun 18 2024,,1272.13
Tue Jun 18 2024,,1656.34
Tue Jun 18 2024,,1833.98
Tue Jun 18 2024,,2235.01
Tue Jun 18 2024,,3135.8
Tue Jun 18 2024,,4795.11
Tue Jun 18 2024,,4974.22
Tue Jun 18 2024,,3594.72
Tue Jun 18 2024,,2743.42
Tue Jun 18 2024,,2304.28
Wed Jun 19 2024,2259.17,2475.68
Wed Jun 19 2024,,2280.8
Wed Jun 19 2024,,2187.93
Wed Jun 19 2024,,2170.14
Wed Jun 19 2024,,2136.55
Wed Jun 19 2024,,2188.17
Wed Jun 19 2024,,2717
Wed Jun 19 2024,,2815.06
Wed Jun 19 2024,,2608.07
Wed Jun 19 2024,,2132.1
Wed Jun 19 2024,,1852.75
Wed Jun 19 2024,,1657.86
Wed Jun 19 2024,,1446.93
Wed Jun 19 2024,,986.76
Wed Jun 19 2024,,553.28
Wed Jun 19 2024,,895.62
Wed Jun 19 2024,,1546.71
Wed Jun 19 2024,,2022.19
Wed Jun 19 2024,,2507.05
Wed Jun 19 2024,,3086.26
Wed Jun 19 2024,,5748.68
Wed Jun 19 2024,,3130.23
Wed Jun 19 2024,,2762.94
Wed Jun 19 2024,,2311.43