Date,Daily_Average_Price,Hourly_Price
2021-01-01,1072.24,
2021-01-02,1344.17,
2021-01-03,1068.05,
2021-01-04,1292.3,
2021-01-05,1386.58,
2021-01-06,1370.72,
2021-01-07,1794.95,
2021-01-08,1954.27,
2021-01-09,1542.21,
2021-01-10,1281.38,
2021-01-11,1348.23,
2021-01-12,1445.1,
2021-01-13,1462.8,
2021-01-14,1886.43,
2021-01-15,2067.55,
2021-01-16,1422.01,
2021-01-17,1385.26,
2021-01-18,1753.84,
2021-01-19,1718.45,
2021-01-20,1525.88,
2021-01-21,1455.57,
2021-01-22,1379.45,
2021-01-23,1370.82,
2021-01-24,1244.04,
2021-01-25,1662.42,
2021-01-26,1553.48,
2021-01-27,1551.7,
2021-01-28,1443.31,
2021-01-29,1352.03,
2021-01-30,1201.28,
2021-01-31,1185.36,
2021-02-01,1487.26,
2021-02-02,1451.21,
2021-02-03,1225.5,
2021-02-04,1266.62,
2021-02-05,1348.8,
2021-02-06,1104.84,
2021-02-07,601.34,
2021-02-08,1254.55,
2021-02-09,1666.18,
2021-02-10,1741.12,
2021-02-11,1998.32,
2021-02-12,1630.8,
2021-02-13,1382.38,
2021-02-14,1146.91,
2021-02-15,1360.32,
2021-02-16,1587.75,
2021-02-17,1465.71,
2021-02-18,1358.23,
2021-02-19,1346.79,
2021-02-20,986.29,
2021-02-21,867.08,
2021-02-22,1306.88,
2021-02-23,1251.76,
2021-02-24,1155.26,
2021-02-25,1228.5,
2021-02-26,1250.57,
2021-02-27,1165.98,
2021-02-28,1046.06,
2021-03-01,1370.89,
2021-03-02,1390.26,
2021-03-03,1357.33,
2021-03-04,1351.27,
2021-03-05,1403.21,
2021-03-06,1196.1,
2021-03-07,1125.89,
2021-03-08,1618.15,
2021-03-09,1631.67,
2021-03-10,1428.73,
2021-03-11,1361.48,
2021-03-12,1316.6,
2021-03-13,1193.78,
2021-03-14,1112.15,
2021-03-15,1293.89,
2021-03-16,1492.19,
2021-03-17,1547.6,
2021-03-18,1660.16,
2021-03-19,1579.59,
2021-03-20,1345.38,
2021-03-21,1122.77,
2021-03-22,1551.1,
2021-03-23,1607.3,
2021-03-24,1595.68,
2021-03-25,1640.7,
2021-03-26,1548.38,
2021-03-27,1223.94,
2021-03-28,1102.11,
2021-03-29,1412.84,
2021-03-30,1437.51,
2021-03-31,1566.52,
2021-04-01,1504.78,
2021-04-02,1165.22,
2021-04-03,1225.93,
2021-04-04,981.54,
2021-04-05,-149.94,
2021-04-06,1304.84,
2021-04-07,1532.75,
2021-04-08,1681.07,
2021-04-09,1601.18,
2021-04-10,1506.75,
2021-04-11,1222.48,
2021-04-12,1738.22,
2021-04-13,1823.94,
2021-04-14,1945.64,
2021-04-15,1964.54,
2021-04-16,1849.56,
2021-04-17,1597.68,
2021-04-18,1661.11,
2021-04-19,2064.66,
2021-04-20,2076.3,
2021-04-21,1848.93,
2021-04-22,1786.24,
2021-04-23,1674.44,
2021-04-24,1554.43,
2021-04-25,1121.88,
2021-04-26,1659.61,
2021-04-27,1742.54,
2021-04-28,1685.97,
2021-04-29,1714.01,
2021-04-30,1776.62,
2021-05-01,1532.05,
2021-05-02,1153.85,
2021-05-03,1504.14,
2021-05-04,1257.88,
2021-05-05,1439.18,
2021-05-06,1687.79,
2021-05-07,1746.3,
2021-05-08,1388.5,
2021-05-09,349.91,
2021-05-10,1513.66,
2021-05-11,1845.76,
2021-05-12,1773.28,
2021-05-13,1516.17,
2021-05-14,1782.51,
2021-05-15,1649.72,
2021-05-16,1178.48,
2021-05-17,1847.21,
2021-05-18,1898.97,
2021-05-19,1971.27,
2021-05-20,1859.65,
2021-05-21,1392.47,
2021-05-22,1359.1,
2021-05-23,546.77,
2021-05-24,1324.09,
2021-05-25,1701.82,
2021-05-26,1713.31,
2021-05-27,1824.5,
2021-05-28,1934.77,
2021-05-29,1470.53,
2021-05-30,1081.24,
2021-05-31,1733.18,
2021-06-01,1723.86,
2021-06-02,1673.43,
2021-06-03,1524.8,
2021-06-04,1818.99,
2021-06-05,1587.85,
2021-06-06,1434.25,
2021-06-07,2024.85,
2021-06-08,1990.33,
2021-06-09,1972.43,
2021-06-10,1961.9,
2021-06-11,1899.85,
2021-06-12,1323.95,
2021-06-13,617.54,
2021-06-14,1888.43,
2021-06-15,2066.32,
2021-06-16,2103.99,
2021-06-17,2122.54,
2021-06-18,2096.72,
2021-06-19,1812.63,
2021-06-20,1491.2,
2021-06-21,1999.75,
2021-06-22,2179.64,
2021-06-23,2384.6,
2021-06-24,2443.61,
2021-06-25,2473.9,
2021-06-26,2044.63,
2021-06-27,1692.49,
2021-06-28,2278.49,
2021-06-29,2366.72,
2021-06-30,2354.21,
2021-07-01,2281.21,
2021-07-02,2601.4,
2021-07-03,2189.98,
2021-07-04,2118.75,
2021-07-05,2400.76,
2021-07-06,2238.01,
2021-07-07,2587.82,
2021-07-08,2844.39,
2021-07-09,2358.72,
2021-07-10,2097.42,
2021-07-11,2005.69,
2021-07-12,2405.14,
2021-07-13,2538.48,
2021-07-14,2358.25,
2021-07-15,2295.89,
2021-07-16,2174.44,
2021-07-17,1679.97,
2021-07-18,1374.72,
2021-07-19,2284.82,
2021-07-20,2366.99,
2021-07-21,2372.93,
2021-07-22,2265.43,
2021-07-23,2281.15,
2021-07-24,1943.34,
2021-07-25,1560.74,
2021-07-26,2262.46,
2021-07-27,2240.34,
2021-07-28,2209.43,
2021-07-29,2063.66,
2021-07-30,1837.46,
2021-07-31,1386.14,
2021-08-01,1492.65,
2021-08-02,2037.5,
2021-08-03,2459.48,
2021-08-04,2495.46,
2021-08-05,2397.04,
2021-08-06,1826.93,
2021-08-07,1563.1,
2021-08-08,646.16,
2021-08-09,1716.09,
2021-08-10,2304.68,
2021-08-11,2560.6,
2021-08-12,2706.18,
2021-08-13,2450.22,
2021-08-14,1789.49,
2021-08-15,1670.39,
2021-08-16,2120.3,
2021-08-17,1806.25,
2021-08-18,2007.92,
2021-08-19,2336.4,
2021-08-20,2611.21,
2021-08-21,2337.33,
2021-08-22,1998.24,
2021-08-23,2395.33,
2021-08-24,2453.12,
2021-08-25,2209.11,
2021-08-26,2398.07,
2021-08-27,2453.17,
2021-08-28,2205.93,
2021-08-29,2063.78,
2021-08-30,2724.59,
2021-08-31,2798.56,
2021-09-01,2817.39,
2021-09-02,2961.96,
2021-09-03,2757.69,
2021-09-04,2697.39,
2021-09-05,2440.32,
2021-09-06,3184.48,
2021-09-07,3252.3,
2021-09-08,3165.87,
2021-09-09,3307.93,
2021-09-10,3497.26,
2021-09-11,3262.86,
2021-09-12,2654.46,
2021-09-13,3582.44,
2021-09-14,3636.82,
2021-09-15,4259.12,
2021-09-16,4021.31,
2021-09-17,3970.28,
2021-09-18,3345.94,
2021-09-19,2380.34,
2021-09-20,3832.27,
2021-09-21,3804.99,
2021-09-22,3704.28,
2021-09-23,3056.05,
2021-09-24,2770.55,
2021-09-25,3242.0,
2021-09-26,3194.48,
2021-09-27,3644.19,
2021-09-28,3946.17,
2021-09-29,3417.53,
2021-09-30,2975.47,
2021-10-01,2775.79,
2021-10-02,2652.15,
2021-10-03,1074.44,
2021-10-04,4003.62,
2021-10-05,4042.74,
2021-10-06,4681.41,
2021-10-07,6884.01,
2021-10-08,5165.54,
2021-10-09,3506.58,
2021-10-10,3658.37,
2021-10-11,4235.76,
2021-10-12,4308.09,
2021-10-13,4775.72,
2021-10-14,4427.5,
2021-10-15,3191.89,
2021-10-16,3982.91,
2021-10-17,3603.12,
2021-10-18,4828.42,
2021-10-19,3925.17,
2021-10-20,2169.66,
2021-10-21,1904.93,
2021-10-22,2035.35,
2021-10-23,3572.45,
2021-10-24,2550.4,
2021-10-25,4340.66,
2021-10-26,4480.49,
2021-10-27,3697.28,
2021-10-28,3871.89,
2021-10-29,2896.13,
2021-10-30,2162.32,
2021-10-31,1741.34,
2021-11-01,2825.71,
2021-11-02,5219.06,
2021-11-03,4933.71,
2021-11-04,4385.38,
2021-11-05,3992.47,
2021-11-06,1951.58,
2021-11-07,1060.89,
2021-11-08,4479.69,
2021-11-09,4078.82,
2021-11-10,4443.5,
2021-11-11,4785.47,
2021-11-12,4212.46,
2021-11-13,3960.09,
2021-11-14,4128.86,
2021-11-15,5747.96,
2021-11-16,5924.96,
2021-11-17,4391.53,
2021-11-18,3541.36,
2021-11-19,3388.1,
2021-11-20,3400.05,
2021-11-21,3725.57,
2021-11-22,6058.3,
2021-11-23,6118.98,
2021-11-24,6984.07,
2021-11-25,6366.12,
2021-11-26,5245.56,
2021-11-27,5207.35,
2021-11-28,5162.92,
2021-11-29,6827.24,
2021-11-30,4821.11,
2021-12-01,5159.84,
2021-12-02,5145.52,
2021-12-03,4919.65,
2021-12-04,4988.04,
2021-12-05,3998.75,
2021-12-06,6748.15,
2021-12-07,5828.64,
2021-12-08,5615.62,
2021-12-09,7067.97,
2021-12-10,6082.03,
2021-12-11,5938.8,
2021-12-12,4634.48,
2021-12-13,6723.75,
2021-12-14,7598.36,
2021-12-15,7512.27,
2021-12-16,8703.98,
2021-12-17,8499.71,
2021-12-18,6003.3,
2021-12-19,2911.91,
2021-12-20,7918.24,
2021-12-21,10597.91,
2021-12-22,10399.7,
2021-12-23,7378.97,
2021-12-24,4640.43,
2021-12-25,4552.6,
2021-12-26,4025.41,
2021-12-27,3762.18,
2021-12-28,2978.34,
2021-12-29,3883.86,
2021-12-30,2914.12,
2021-12-31,2088.61,
2022-01-01,2052.9,
2022-01-02,1409.69,
2022-01-03,2214.86,
2022-01-04,3809.44,
2022-01-05,3000.45,
2022-01-06,4761.21,
2022-01-07,4119.08,
2022-01-08,4186.4,
2022-01-09,3593.54,
2022-01-10,6371.26,
2022-01-11,6209.97,
2022-01-12,5689.0,
2022-01-13,4375.24,
2022-01-14,4378.78,
2022-01-15,5192.15,
2022-01-16,3277.54,
2022-01-17,4241.17,
2022-01-18,5761.13,
2022-01-19,4663.55,
2022-01-20,3881.35,
2022-01-21,3896.69,
2022-01-22,4278.79,
2022-01-23,4715.51,
2022-01-24,6031.62,
2022-01-25,7277.57,
2022-01-26,5882.83,
2022-01-27,4605.76,
2022-01-28,4825.21,
2022-01-29,3413.63,
2022-01-30,3157.63,
2022-01-31,4889.15,
2022-02-01,4950.84,
2022-02-02,4691.94,
2022-02-03,4676.76,
2022-02-04,4485.93,
2022-02-05,2886.73,
2022-02-06,2305.37,
2022-02-07,4437.9,
2022-02-08,3788.27,
2022-02-09,4380.68,
2022-02-10,4695.16,
2022-02-11,4575.85,
2022-02-12,3562.03,
2022-02-13,2352.89,
2022-02-14,4272.19,
2022-02-15,4370.04,
2022-02-16,3794.12,
2022-02-17,2824.12,
2022-02-18,2901.96,
2022-02-19,2424.01,
2022-02-20,2317.44,
2022-02-21,2579.74,
2022-02-22,3120.31,
2022-02-23,3344.11,
2022-02-24,3185.07,
2022-02-25,3488.38,
2022-02-26,5559.21,
2022-02-27,4498.19,
2022-02-28,5616.28,
2022-03-01,6235.29,
2022-03-02,7209.03,
2022-03-03,8673.13,
2022-03-04,9441.76,
2022-03-05,8863.2,
2022-03-06,8770.43,
2022-03-07,10662.36,
2022-03-08,12497.19,
2022-03-09,11335.07,
2022-03-10,7497.57,
2022-03-11,4646.4,
2022-03-12,3853.03,
2022-03-13,3402.02,
2022-03-14,7005.04,
2022-03-15,7472.86,
2022-03-16,6290.81,
2022-03-17,5877.27,
2022-03-18,5685.88,
2022-03-19,3561.02,
2022-03-20,1952.56,
2022-03-21,5079.05,
2022-03-22,5836.51,
2022-03-23,5814.18,
2022-03-24,5883.32,
2022-03-25,6022.72,
2022-03-26,4671.52,
2022-03-27,4943.64,
2022-03-28,5461.72,
2022-03-29,6123.23,
2022-03-30,6629.32,
2022-03-31,5123.55,
2022-04-01,4024.75,
2022-04-02,4016.42,
2022-04-03,3692.09,
2022-04-04,4301.81,
2022-04-05,4722.16,
2022-04-06,3556.79,
2022-04-07,2403.84,
2022-04-08,3076.66,
2022-04-09,1931.4,
2022-04-10,1943.07,
2022-04-11,5462.98,
2022-04-12,4532.88,
2022-04-13,5440.57,
2022-04-14,5560.66,
2022-04-15,4712.19,
2022-04-16,3652.94,
2022-04-17,2563.75,
2022-04-18,2936.05,
2022-04-19,5416.49,
2022-04-20,5067.95,
2022-04-21,4911.48,
2022-04-22,4959.54,
2022-04-23,2959.29,
2022-04-24,2777.45,
2022-04-25,5457.01,
2022-04-26,5863.21,
2022-04-27,5455.89,
2022-04-28,5645.63,
2022-04-29,5610.55,
2022-04-30,4952.37,
2022-05-01,4791.61,
2022-05-02,5403.28,
2022-05-03,5382.07,
2022-05-04,5713.45,
2022-05-05,5786.64,
2022-05-06,5558.48,
2022-05-07,4968.23,
2022-05-08,4237.88,
2022-05-09,5431.1,
2022-05-10,4911.56,
2022-05-11,4751.98,
2022-05-12,4368.5,
2022-05-13,4804.46,
2022-05-14,4036.89,
2022-05-15,3686.88,
2022-05-16,5305.21,
2022-05-17,5587.5,
2022-05-18,5100.66,
2022-05-19,5205.93,
2022-05-20,5159.73,
2022-05-21,2761.08,
2022-05-22,4094.35,
2022-05-23,4627.37,
2022-05-24,4233.5,
2022-05-25,4717.28,
2022-05-26,2736.06,
2022-05-27,4311.45,
2022-05-28,2563.92,
2022-05-29,3861.47,
2022-05-30,5584.28,
2022-05-31,5195.01,
2022-06-01,5397.19,
2022-06-02,4795.45,
2022-06-03,4597.82,
2022-06-04,4263.92,
2022-06-05,3569.95,
2022-06-06,4008.05,
2022-06-07,5047.44,
2022-06-08,4852.74,
2022-06-09,4793.33,
2022-06-10,4617.05,
2022-06-11,3411.13,
2022-06-12,2832.45,
2022-06-13,4297.2,
2022-06-14,4879.16,
2022-06-15,5266.32,
2022-06-16,5115.65,
2022-06-17,6294.08,
2022-06-18,4668.98,
2022-06-19,3817.5,
2022-06-20,6809.82,
2022-06-21,7055.24,
2022-06-22,8010.69,
2022-06-23,7403.26,
2022-06-24,6705.32,
2022-06-25,6122.5,
2022-06-26,5390.85,
2022-06-27,7978.58,
2022-06-28,8446.18,
2022-06-29,7954.13,
2022-06-30,8280.41,
2022-07-01,8149.88,
2022-07-02,5615.36,
2022-07-03,5070.25,
2022-07-04,7631.37,
2022-07-05,8102.96,
2022-07-06,7420.74,
2022-07-07,5279.43,
2022-07-08,6599.53,
2022-07-09,2860.43,
2022-07-10,2264.54,
2022-07-11,9108.51,
2022-07-12,9248.87,
2022-07-13,8325.21,
2022-07-14,9326.32,
2022-07-15,8311.74,
2022-07-16,3875.62,
2022-07-17,5003.7,
2022-07-18,9560.08,
2022-07-19,9601.35,
2022-07-20,7736.76,
2022-07-21,9950.28,
2022-07-22,9745.88,
2022-07-23,8425.35,
2022-07-24,7004.59,
2022-07-25,8872.33,
2022-07-26,9437.69,
2022-07-27,10426.15,
2022-07-28,11907.89,
2022-07-29,11155.32,
2022-07-30,9696.93,
2022-07-31,7796.97,
2022-08-01,10525.16,
2022-08-02,10259.04,
2022-08-03,9904.31,
2022-08-04,10204.49,
2022-08-05,9458.1,
2022-08-06,7383.08,
2022-08-07,5304.74,
2022-08-08,9075.69,
2022-08-09,8655.94,
2022-08-10,8289.62,
2022-08-11,9237.33,
2022-08-12,10992.58,
2022-08-13,9615.99,
2022-08-14,8524.16,
2022-08-15,10449.4,
2022-08-16,11117.12,
2022-08-17,13585.23,
2022-08-18,13885.35,
2022-08-19,12728.28,
2022-08-20,11453.28,
2022-08-21,9537.71,
2022-08-22,13895.31,
2022-08-23,15102.53,
2022-08-24,15534.66,
2022-08-25,15173.56,
2022-08-26,17324.76,
2022-08-27,15376.59,
2022-08-28,11412.7,
2022-08-29,16448.87,
2022-08-30,16887.68,
2022-08-31,15575.07,
2022-09-01,14626.46,
2022-09-02,11020.22,
2022-09-03,7346.06,
2022-09-04,6561.09,
2022-09-05,9759.36,
2022-09-06,11524.3,
2022-09-07,11682.24,
2022-09-08,11268.61,
2022-09-09,8904.2,
2022-09-10,9921.96,
2022-09-11,9608.78,
2022-09-12,10403.39,
2022-09-13,10505.4,
2022-09-14,11210.31,
2022-09-15,9326.73,
2022-09-16,6440.0,
2022-09-17,3815.31,
2022-09-18,2405.33,
2022-09-19,6582.34,
2022-09-20,8973.0,
2022-09-21,9399.78,
2022-09-22,9731.02,
2022-09-23,9122.9,
2022-09-24,8608.06,
2022-09-25,6831.25,
2022-09-26,7376.98,
2022-09-27,7833.9,
2022-09-28,9545.23,
2022-09-29,10376.63,
2022-09-30,8696.65,
2022-10-01,3430.22,
2022-10-02,3085.2,
2022-10-03,5582.8,
2022-10-04,6108.63,
2022-10-05,4293.59,
2022-10-06,4072.32,
2022-10-07,4287.64,
2022-10-08,3966.65,
2022-10-09,3729.8,
2022-10-10,4369.08,
2022-10-11,6391.35,
2022-10-12,6969.88,
2022-10-13,6267.09,
2022-10-14,6323.03,
2022-10-15,3973.13,
2022-10-16,2477.99,
2022-10-17,4104.35,
2022-10-18,4713.81,
2022-10-19,4186.78,
2022-10-20,4055.44,
2022-10-21,4335.83,
2022-10-22,3580.17,
2022-10-23,2495.78,
2022-10-24,3235.47,
2022-10-25,3223.48,
2022-10-26,3319.33,
2022-10-27,3454.64,
2022-10-28,2902.79,
2022-10-29,2497.91,
2022-10-30,2864.83,
2022-10-31,3561.01,
2022-11-01,2845.45,
2022-11-02,2976.76,
2022-11-03,3229.32,
2022-11-04,4408.32,
2022-11-05,3277.62,
2022-11-06,2109.41,
2022-11-07,2746.82,
2022-11-08,3533.82,
2022-11-09,4472.52,
2022-11-10,5320.94,
2022-11-11,4243.86,
2022-11-12,4202.14,
2022-11-13,3835.44,
2022-11-14,4391.08,
2022-11-15,5061.87,
2022-11-16,4310.64,
2022-11-17,3346.48,
2022-11-18,4847.24,
2022-11-19,4981.03,
2022-11-20,5090.32,
2022-11-21,6131.22,
2022-11-22,5177.76,
2022-11-23,5002.57,
2022-11-24,6023.24,
2022-11-25,6485.64,
2022-11-26,5831.61,
2022-11-27,4067.17,
2022-11-28,7221.43,
2022-11-29,9046.96,
2022-11-30,9586.1,
2022-12-01,9609.13,
2022-12-02,8669.57,
2022-12-03,7102.0,
2022-12-04,6629.13,
2022-12-05,7940.93,
2022-12-06,8976.53,
2022-12-07,8175.09,
2022-12-08,9396.88,
2022-12-09,9736.26,
2022-12-10,8461.76,
2022-12-11,7310.3,
2022-12-12,9056.65,
2022-12-13,10730.56,
2022-12-14,10767.88,
2022-12-15,9655.82,
2022-12-16,9974.58,
2022-12-17,6401.64,
2022-12-18,4548.14,
2022-12-19,4934.66,
2022-12-20,4915.3,
2022-12-21,5254.92,
2022-12-22,4797.35,
2022-12-23,4494.3,
2022-12-24,2722.34,
2022-12-25,2458.9,
2022-12-26,1023.21,
2022-12-27,2230.53,
2022-12-28,1544.19,
2022-12-29,813.39,
2022-12-30,607.37,
2022-12-31,-49.34,
2023-01-01,395.01,
2023-01-02,3006.63,
2023-01-03,3537.43,
2023-01-04,2851.4,
2023-01-05,3373.85,
2023-01-06,2920.95,
2023-01-07,2563.64,
2023-01-08,2140.98,
2023-01-09,3233.76,
2023-01-10,3241.21,
2023-01-11,2760.34,
2023-01-12,2858.27,
2023-01-13,2912.48,
2023-01-14,2409.61,
2023-01-15,2224.82,
2023-01-16,3124.03,
2023-01-17,3264.52,
2023-01-18,3372.08,
2023-01-19,3518.68,
2023-01-20,4176.48,
2023-01-21,3245.54,
2023-01-22,3488.37,
2023-01-23,4848.0,
2023-01-24,4849.31,
2023-01-25,4340.2,
2023-01-26,4015.51,
2023-01-27,4020.54,
2023-01-28,3474.78,
2023-01-29,3088.89,
2023-01-30,3282.84,
2023-01-31,3432.33,
2023-02-01,3517.56,
2023-02-02,3417.36,
2023-02-03,3056.18,
2023-02-04,3414.92,
2023-02-05,3049.94,
2023-02-06,4117.57,
2023-02-07,4171.68,
2023-02-08,3764.29,
2023-02-09,3277.21,
2023-02-10,3357.55,
2023-02-11,3311.33,
2023-02-12,3297.64,
2023-02-13,3880.74,
2023-02-14,3713.75,
2023-02-15,3622.52,
2023-02-16,3529.23,
2023-02-17,3331.28,
2023-02-18,2654.94,
2023-02-19,2701.02,
2023-02-20,2515.2,
2023-02-21,2839.66,
2023-02-22,3535.94,
2023-02-23,3494.87,
2023-02-24,3186.5,
2023-02-25,2016.03,
2023-02-26,2573.1,
2023-02-27,3580.65,
2023-02-28,3483.38,
2023-03-01,3465.67,
2023-03-02,3541.43,
2023-03-03,3303.01,
2023-03-04,2638.71,
2023-03-05,2877.5,
2023-03-06,3556.83,
2023-03-07,2781.93,
2023-03-08,3278.19,
2023-03-09,3044.32,
2023-03-10,2749.21,
2023-03-11,2276.91,
2023-03-12,2318.92,
2023-03-13,2374.16,
2023-03-14,2095.33,
2023-03-15,3045.18,
2023-03-16,2606.57,
2023-03-17,2252.6,
2023-03-18,2618.33,
2023-03-19,2679.31,
2023-03-20,3011.37,
2023-03-21,2825.94,
2023-03-22,2487.2,
2023-03-23,2672.88,
2023-03-24,2063.25,
2023-03-25,765.09,
2023-03-26,1597.41,
2023-03-27,2256.01,
2023-03-28,2546.04,
2023-03-29,2762.56,
2023-03-30,2484.13,
2023-03-31,2329.41,
2023-04-01,1305.28,
2023-04-02,1589.04,
2023-04-03,2594.13,
2023-04-04,3030.43,
2023-04-05,3295.83,
2023-04-06,2905.58,
2023-04-07,2683.55,
2023-04-08,2751.21,
2023-04-09,2459.16,
2023-04-10,1900.68,
2023-04-11,2333.73,
2023-04-12,2598.07,
2023-04-13,2891.81,
2023-04-14,2975.08,
2023-04-15,2490.71,
2023-04-16,2569.41,
2023-04-17,2780.78,
2023-04-18,2723.37,
2023-04-19,2642.66,
2023-04-20,2617.04,
2023-04-21,2500.36,
2023-04-22,2017.66,
2023-04-23,2015.65,
2023-04-24,2469.33,
2023-04-25,2427.54,
2023-04-26,2614.18,
2023-04-27,2630.6,
2023-04-28,2503.25,
2023-04-29,2365.91,
2023-04-30,1619.01,
2023-05-01,1951.19,
2023-05-02,2510.87,
2023-05-03,2500.95,
2023-05-04,2394.95,
2023-05-05,2254.81,
2023-05-06,2095.78,
2023-05-07,1629.5,
2023-05-08,2274.85,
2023-05-09,2264.93,
2023-05-10,2537.85,
2023-05-11,2702.4,
2023-05-12,2485.12,
2023-05-13,1860.05,
2023-05-14,1687.8,
2023-05-15,2712.08,
2023-05-16,2241.39,
2023-05-17,2174.36,
2023-05-18,2084.17,
2023-05-19,2088.35,
2023-05-20,1114.65,
2023-05-21,700.68,
2023-05-22,2307.17,
2023-05-23,2165.47,
2023-05-24,2408.4,
2023-05-25,2104.16,
2023-05-26,1717.9,
2023-05-27,1466.09,
2023-05-28,824.74,
2023-05-29,977.84,
2023-05-30,2087.56,
2023-05-31,2024.89,
2023-06-01,1767.89,
2023-06-02,1898.89,
2023-06-03,1335.94,
2023-06-04,1196.18,
2023-06-05,2125.09,
2023-06-06,2254.83,
2023-06-07,2358.82,
2023-06-08,1991.44,
2023-06-09,2049.77,
2023-06-10,1344.69,
2023-06-11,1010.29,
2023-06-12,2304.82,
2023-06-13,2219.22,
2023-06-14,2508.45,
2023-06-15,2832.07,
2023-06-16,3036.4,
2023-06-17,2489.91,
2023-06-18,2210.89,
2023-06-19,2790.19,
2023-06-20,2882.88,
2023-06-21,2939.84,
2023-06-22,2989.99,
2023-06-23,2633.35,
2023-06-24,1926.57,
2023-06-25,1774.97,
2023-06-26,2552.73,
2023-06-27,2455.59,
2023-06-28,2661.3,
2023-06-29,2800.32,
2023-06-30,2658.13,
2023-07-01,1683.58,
2023-07-02,811.76,
2023-07-03,2270.69,
2023-07-04,2523.69,
2023-07-05,2282.22,
2023-07-06,2544.58,
2023-07-07,2450.74,
2023-07-08,1973.42,
2023-07-09,2138.98,
2023-07-10,2799.66,
2023-07-11,2679.9,
2023-07-12,2993.0,
2023-07-13,2586.49,
2023-07-14,2293.85,
2023-07-15,781.64,
2023-07-16,593.86,
2023-07-17,2455.15,
2023-07-18,2570.0,
2023-07-19,2479.64,
2023-07-20,2335.83,
2023-07-21,2543.17,
2023-07-22,1759.04,
2023-07-23,670.83,
2023-07-24,2297.83,
2023-07-25,2510.84,
2023-07-26,2362.11,
2023-07-27,2293.36,
2023-07-28,2297.38,
2023-07-29,1863.43,
2023-07-30,873.38,
2023-07-31,1752.84,
2023-08-01,2001.17,
2023-08-02,1622.83,
2023-08-03,1109.03,
2023-08-04,2371.01,
2023-08-05,2182.74,
2023-08-06,1253.64,
2023-08-07,661.18,
2023-08-08,409.45,
2023-08-09,2164.59,
2023-08-10,2250.62,
2023-08-11,2126.53,
2023-08-12,1588.37,
2023-08-13,1426.13,
2023-08-14,2285.18,
2023-08-15,2036.29,
2023-08-16,2658.13,
2023-08-17,2660.09,
2023-08-18,2606.28,
2023-08-19,2032.57,
2023-08-20,2168.1,
2023-08-21,2909.67,
2023-08-22,2991.75,
2023-08-23,3620.71,
2023-08-24,3533.33,
2023-08-25,2668.34,
2023-08-26,2303.04,
2023-08-27,2381.0,
2023-08-28,2770.51,
2023-08-29,2944.38,
2023-08-30,2806.41,
2023-08-31,2538.12,
2023-09-01,2557.48,
2023-09-02,2285.83,
2023-09-03,1981.26,
2023-09-04,2583.89,
2023-09-05,2492.54,
2023-09-06,2552.35,
2023-09-07,2439.3,
2023-09-08,2629.54,
2023-09-09,2225.62,
2023-09-10,2069.9,
2023-09-11,3595.32,
2023-09-12,3175.15,
2023-09-13,2742.16,
2023-09-14,2935.25,
2023-09-15,2663.87,
2023-09-16,2301.7,
2023-09-17,2122.78,
2023-09-18,2323.8,
2023-09-19,1513.73,
2023-09-20,2009.86,
2023-09-21,2528.11,
2023-09-22,2544.03,
2023-09-23,2453.69,
2023-09-24,1675.36,
2023-09-25,2543.36,
2023-09-26,3074.31,
2023-09-27,2979.31,
2023-09-28,2722.24,
2023-09-29,2572.69,
2023-09-30,2223.27,
2023-10-01,1799.4,
2023-10-02,2892.29,
2023-10-03,1635.08,
2023-10-04,1843.85,
2023-10-05,2535.6,
2023-10-06,2125.67,
2023-10-07,1249.56,
2023-10-08,2174.24,
2023-10-09,2914.97,
2023-10-10,2947.52,
2023-10-11,2040.95,
2023-10-12,3025.09,
2023-10-13,2314.68,
2023-10-14,1206.22,
2023-10-15,1235.92,
2023-10-16,3272.89,
2023-10-17,3312.18,
2023-10-18,2645.51,
2023-10-19,2505.49,
2023-10-20,2319.16,
2023-10-21,1388.85,
2023-10-22,1640.56,
2023-10-23,3143.38,
2023-10-24,2980.41,
2023-10-25,3066.06,
2023-10-26,3023.01,
2023-10-27,2956.8,
2023-10-28,2106.27,
2023-10-29,721.63,
2023-10-30,2330.28,
2023-10-31,2599.89,
2023-11-01,1518.02,
2023-11-02,1567.62,
2023-11-03,1469.32,
2023-11-04,648.81,
2023-11-05,753.34,
2023-11-06,1766.07,
2023-11-07,2484.79,
2023-11-08,2219.99,
2023-11-09,2384.84,
2023-11-10,2361.01,
2023-11-11,2374.28,
2023-11-12,2379.64,
2023-11-13,2453.17,
2023-11-14,1805.63,
2023-11-15,2496.63,
2023-11-16,2864.46,
2023-11-17,2956.08,
2023-11-18,2293.22,
2023-11-19,990.92,
2023-11-20,2628.46,
2023-11-21,3021.06,
2023-11-22,2710.79,
2023-11-23,2035.55,
2023-11-24,1854.85,
2023-11-25,2283.73,
2023-11-26,2468.9,
2023-11-27,2838.36,
2023-11-28,2982.22,
2023-11-29,3414.93,
2023-11-30,4085.3,
2023-12-01,3817.97,
2023-12-02,2710.72,
2023-12-03,2399.96,
2023-12-04,2867.08,
2023-12-05,2961.51,
2023-12-06,3155.62,
2023-12-07,2879.27,
2023-12-08,2570.8,
2023-12-09,2183.26,
2023-12-10,1591.14,
2023-12-11,2238.53,
2023-12-12,2662.57,
2023-12-13,2391.1,
2023-12-14,2607.36,
2023-12-15,2312.16,
2023-12-16,1735.23,
2023-12-17,1414.22,
2023-12-18,1987.02,
2023-12-19,1943.33,
2023-12-20,1816.44,
2023-12-21,1717.52,
2023-12-22,656.03,
2023-12-23,743.03,
2023-12-24,19.23,
2023-12-25,41.02,
2023-12-26,405.82,
2023-12-27,1472.0,
2023-12-28,668.05,
2023-12-29,278.49,
2023-12-30,854.31,
2023-12-31,332.53,
2024-01-01,441.01,
2024-01-02,1382.36,
2024-01-03,1261.11,
2024-01-04,2051.95,
2024-01-05,2314.17,
2024-01-06,2181.5,
2024-01-07,2123.71,
2024-01-08,2493.6,
2024-01-09,2681.72,
2024-01-10,2751.54,
2024-01-11,2695.93,
2024-01-12,2634.41,
2024-01-13,2080.73,
2024-01-14,1897.94,
2024-01-15,2183.6,
2024-01-16,2614.02,
2024-01-17,2483.82,
2024-01-18,2366.93,
2024-01-19,2004.47,
2024-01-20,1847.48,
2024-01-21,1765.72,
2024-01-22,2119.63,
2024-01-23,1984.34,
2024-01-24,1894.73,
2024-01-25,1931.26,
2024-01-26,1902.42,
2024-01-27,1689.66,
2024-01-28,1593.68,
2024-01-29,2016.08,
2024-01-30,1958.3,
2024-01-31,2137.0,
2024-02-01,2191.51,
2024-02-02,2097.89,
2024-02-03,1779.87,
2024-02-04,1456.43,
2024-02-05,1702.85,
2024-02-06,1665.99,
2024-02-07,1974.45,
2024-02-08,2251.93,
2024-02-09,1896.86,
2024-02-10,1814.34,
2024-02-11,1558.75,
2024-02-12,1905.07,
2024-02-13,1871.03,
2024-02-14,1784.07,
2024-02-15,1844.0,
2024-02-16,1582.56,
2024-02-17,1692.56,
2024-02-18,1350.96,
2024-02-19,1706.18,
2024-02-20,1681.82,
2024-02-21,1548.49,
2024-02-22,1463.08,
2024-02-23,1608.46,
2024-02-24,1449.98,
2024-02-25,1545.61,
2024-02-26,1690.37,
2024-02-27,1879.2,
2024-02-28,1872.31,
2024-02-29,1683.66,
2024-03-01,1791.0,
2024-03-02,1632.81,
2024-03-03,1543.43,
2024-03-04,1896.57,
2024-03-05,1913.89,
2024-03-06,2091.09,
2024-03-07,1970.82,
2024-03-08,1883.52,
2024-03-09,1231.31,
2024-03-10,932.78,
2024-03-11,1815.92,
2024-03-12,2165.89,
2024-03-13,1896.69,
2024-03-14,1765.94,
2024-03-15,1490.08,
2024-03-16,1407.2,
2024-03-17,1523.51,
2024-03-18,2076.87,
2024-03-19,2077.48,
2024-03-20,2207.65,
2024-03-21,2032.07,
2024-03-22,1736.28,
2024-03-23,1038.85,
2024-03-24,748.46,
2024-03-25,2143.18,
2024-03-26,1674.32,
2024-03-27,1822.76,
2024-03-28,1340.74,
2024-03-29,949.14,
2024-03-30,1289.39,
2024-03-31,1045.1,
2024-04-01,813.86,
2024-04-02,849.31,
2024-04-03,2135.6,
2024-04-04,1660.47,
2024-04-05,1330.4,
2024-04-06,957.92,
2024-04-07,525.62,
2024-04-08,1866.79,
2024-04-09,1506.72,
2024-04-10,1738.73,
2024-04-11,1485.67,
2024-04-12,1517.25,
2024-04-13,448.77,
2024-04-14,407.3,
2024-04-15,2031.9,
2024-04-16,1686.99,
2024-04-17,2350.93,
2024-04-18,2403.09,
2024-04-19,1747.06,
2024-04-20,1513.54,
2024-04-21,1379.21,
2024-04-22,2488.67,
2024-04-23,2533.91,
2024-04-24,2461.3,
2024-04-25,2295.79,
2024-04-26,2174.25,
2024-04-27,1553.29,
2024-04-28,332.03,
2024-04-29,1980.35,
2024-04-30,1677.04,
2024-05-01,154.0,
2024-05-02,967.0,
2024-05-03,1984.9,
2024-05-04,1827.62,
2024-05-05,1337.56,
2024-05-06,2219.58,
2024-05-07,2321.54,
2024-05-08,2251.79,
2024-05-09,1543.89,
2024-05-10,1869.44,
2024-05-11,1353.84,
2024-05-12,155.74,
2024-05-13,1210.88,
2024-05-14,983.9,
2024-05-15,1314.92,
2024-05-16,1458.79,
2024-05-17,2067.76,
2024-05-18,1396.46,
2024-05-18,,1504.59
2024-05-18,,1566.61
2024-05-18,,1624.68
2024-05-18,,1721.05
2024-05-18,,1821.37
2024-05-18,,1797.41
2024-05-18,,1757.62
2024-05-18,,1589.84
2024-05-18,,1180.15
2024-05-18,,233.02
2024-05-18,,17.54
2024-05-18,,-0.49
2024-05-18,,-33.61
2024-05-18,,-72.65
2024-05-18,,-56.59
2024-05-18,,-6.42
2024-05-18,,1262.68
2024-05-18,,2099.61
2024-05-18,,2747.01
2024-05-18,,3305.21
2024-05-18,,3052.18
2024-05-18,,2449.5
2024-05-18,,2210.31
2024-05-19,1274.92,2255.28
2024-05-19,,2245.89
2024-05-19,,2226.37
2024-05-19,,2191.28
2024-05-19,,2170.28
2024-05-19,,2028.94
2024-05-19,,1884.88
2024-05-19,,1747.74
2024-05-19,,1151.49
2024-05-19,,68.94
2024-05-19,,-83.52
2024-05-19,,-108.72
2024-05-19,,-175.44
2024-05-19,,-327.9
2024-05-19,,-526.08
2024-05-19,,-384.49
2024-05-19,,-120.58
2024-05-19,,26.44
2024-05-19,,1704.0
2024-05-19,,2146.8
2024-05-19,,2670.66
2024-05-19,,3067.75
2024-05-19,,2574.78
2024-05-19,,2163.36
2024-05-20,1746.21,2274.07
2024-05-20,,2054.58
2024-05-20,,2189.69
2024-05-20,,2180.28
2024-05-20,,2233.73
2024-05-20,,2321.58
2024-05-20,,2641.28
2024-05-20,,2650.19
2024-05-20,,1778.42
2024-05-20,,749.03
2024-05-20,,251.16
2024-05-20,,91.8
2024-05-20,,12.37
2024-05-20,,-49.0
2024-05-20,,-63.1
2024-05-20,,457.78
2024-05-20,,866.08
2024-05-20,,2240.16
2024-05-20,,2512.85
2024-05-20,,3041.66
2024-05-20,,3607.57
2024-05-20,,3080.26
2024-05-20,,2585.85
2024-05-20,,2200.82
2024-05-21,2077.58,2148.11
2024-05-21,,1932.34
2024-05-21,,1860.58
2024-05-21,,1905.61
2024-05-21,,1817.27
2024-05-21,,1994.94
2024-05-21,,2757.58
2024-05-21,,3041.9
2024-05-21,,2401.25
2024-05-21,,2053.09
2024-05-21,,1682.91
2024-05-21,,1374.34
2024-05-21,,1014.79
2024-05-21,,1527.01
2024-05-21,,1396.61
2024-05-21,,1766.3
2024-05-21,,2019.93
2024-05-21,,2227.3
2024-05-21,,2542.3
2024-05-21,,3228.98
2024-05-21,,2428.47
2024-05-21,,2283.47
2024-05-21,,2304.01
2024-05-21,,2152.82
2024-05-22,2152.11,1778.42
2024-05-22,,1574.77
2024-05-22,,1598.28
2024-05-22,,1474.55
2024-05-22,,1504.25
2024-05-22,,1727.45
2024-05-22,,2410.41
2024-05-22,,2574.47
2024-05-22,,2474.5
2024-05-22,,2051.11
2024-05-22,,1801.19
2024-05-22,,1782.63
2024-05-22,,1596.79
2024-05-22,,1386.21
2024-05-22,,1486.93
2024-05-22,,1828.16
2024-05-22,,2140.94
2024-05-22,,2257.49
2024-05-22,,2444.31
2024-05-22,,3642.22
2024-05-22,,3825.08
2024-05-22,,3301.73
2024-05-22,,2674.69
2024-05-22,,2314.15
2024-05-23,2298.84,1936.64
2024-05-23,,1910.73
2024-05-23,,1804.11
2024-05-23,,1853.96
2024-05-23,,1894.68
2024-05-23,,2053.87
2024-05-23,,2616.57
2024-05-23,,2889.29
2024-05-23,,2403.34
2024-05-23,,1864.08
2024-05-23,,1828.29
2024-05-23,,1594.08
2024-05-23,,1305.08
2024-05-23,,1117.02
2024-05-23,,1426.01
2024-05-23,,1807.32
2024-05-23,,2092.37
2024-05-23,,2340.9
2024-05-23,,2790.81
2024-05-23,,3803.93
2024-05-23,,4381.69
2024-05-23,,3783.44
2024-05-23,,3093.39
2024-05-23,,2580.54
2024-05-24,2464.04,2547.52
2024-05-24,,2320.81
2024-05-24,,2215.12
2024-05-24,,2170.82
2024-05-24,,2248.54
2024-05-24,,2542.82
2024-05-24,,3042.52
2024-05-24,,3026.93
2024-05-24,,2647.26
2024-05-24,,2465.59
2024-05-24,,2213.64
2024-05-24,,2018.61
2024-05-24,,1978.76
2024-05-24,,1913.67
2024-05-24,,1940.65
2024-05-24,,2056.48
2024-05-24,,2085.68
2024-05-24,,2448.52
2024-05-24,,2770.27
2024-05-24,,3206.11
2024-05-24,,3269.72
2024-05-24,,2821.5
2024-05-24,,2714.33
2024-05-24,,2471.04
2024-05-25,1768.17,2346.86
2024-05-25,,2270.18
2024-05-25,,2235.55
2024-05-25,,2204.63
2024-05-25,,2201.66
2024-05-25,,2270.92
2024-05-25,,2273.15
2024-05-25,,2129.93
2024-05-25,,1884.31
2024-05-25,,1591.45
2024-05-25,,1004.98
2024-05-25,,228.8
2024-05-25,,80.14
2024-05-25,,0.99
2024-05-25,,0.0
2024-05-25,,0.49
2024-05-25,,350.99
2024-05-25,,1872.93
2024-05-25,,2372.58
2024-05-25,,2862.33
2024-05-25,,3318.69
2024-05-25,,3430.99
2024-05-25,,2895.48
2024-05-25,,2608.06
2024-05-26,1447.23,2724.01
2024-05-26,,2529.88
2024-05-26,,2331.54
2024-05-26,,2334.02
2024-05-26,,2365.92
2024-05-26,,2300.14
2024-05-26,,2163.38
2024-05-26,,1860.44
2024-05-26,,327.67
2024-05-26,,0.49
2024-05-26,,0.0
2024-05-26,,-2.23
2024-05-26,,-53.42
2024-05-26,,-267.83
2024-05-26,,-600.44
2024-05-26,,-249.03
2024-05-26,,-15.09
2024-05-26,,1426.67
2024-05-26,,2322.39
2024-05-26,,2792.76
2024-05-26,,2801.17
2024-05-26,,2901.82
2024-05-26,,2575.38
2024-05-26,,2163.88
2024-05-27,2518.71,1916.33
2024-05-27,,1873.05
2024-05-27,,1858.21
2024-05-27,,1858.21
2024-05-27,,1946.0
2024-05-27,,2099.08
2024-05-27,,2698.04
2024-05-27,,3133.04
2024-05-27,,2978.98
2024-05-27,,2236.83
2024-05-27,,1916.33
2024-05-27,,1851.29
2024-05-27,,1717.99
2024-05-27,,1688.81
2024-05-27,,1667.79
2024-05-27,,1918.31
2024-05-27,,2130.74
2024-05-27,,2601.6
2024-05-27,,3137.5
2024-05-27,,4351.49
2024-05-27,,5154.72
2024-05-27,,3873.21
2024-05-27,,3149.12
2024-05-27,,2692.36
2024-05-28,2248.83,2440.85
2024-05-28,,2234.85
2024-05-28,,2182.67
2024-05-28,,2110.21
2024-05-28,,2076.83
2024-05-28,,2193.8
2024-05-28,,2769.76
2024-05-28,,3016.32
2024-05-28,,2557.82
2024-05-28,,2137.17
2024-05-28,,1814.93
2024-05-28,,1744.21
2024-05-28,,1541.17
2024-05-28,,1394.03
2024-05-28,,1394.28
2024-05-28,,1656.91
2024-05-28,,1837.19
2024-05-28,,2136.42
2024-05-28,,2494.02
2024-05-28,,3063.31
2024-05-28,,3471.84
2024-05-28,,2885.0
2024-05-28,,2506.88
2024-05-28,,2311.51
2024-05-29,2027.95,1740.35
2024-05-29,,1497.7
2024-05-29,,1246.15
2024-05-29,,1500.43
2024-05-29,,1485.09
2024-05-29,,1408.16
2024-05-29,,1989.19
2024-05-29,,2382.72
2024-05-29,,2282.55
2024-05-29,,1724.28
2024-05-29,,1691.13
2024-05-29,,1549.65
2024-05-29,,1469.26
2024-05-29,,1550.14
2024-05-29,,1548.66
2024-05-29,,1738.13
2024-05-29,,1784.63
2024-05-29,,2277.1
2024-05-29,,2552.65
2024-05-29,,2923.92
2024-05-29,,3393.15
2024-05-29,,3462.9
2024-05-29,,2999.37
2024-05-29,,2473.5
2024-05-30,2369.41,2513.79
2024-05-30,,2418.91
2024-05-30,,2303.81
2024-05-30,,2364.69
2024-05-30,,2404.12
2024-05-30,,2563.57
2024-05-30,,2587.72
2024-05-30,,2555.19
2024-05-30,,2357.29
2024-05-30,,2266.35
2024-05-30,,2037.16
2024-05-30,,1938.58
2024-05-30,,1762.12
2024-05-30,,1565.2
2024-05-30,,1564.71
2024-05-30,,1682.51
2024-05-30,,2081.52
2024-05-30,,2243.93
2024-05-30,,2674.48
2024-05-30,,3008.17
2024-05-30,,3472.48
2024-05-30,,3316.72
2024-05-30,,2699.12
2024-05-30,,2483.72
2024-05-31,2241.02,2394.86
2024-05-31,,2014.35
2024-05-31,,1975.77
2024-05-31,,1849.18
2024-05-31,,1872.42
2024-05-31,,2233.41
2024-05-31,,2658.18
2024-05-31,,2751.15
2024-05-31,,2742.5
2024-05-31,,2521.95
2024-05-31,,2247.01
2024-05-31,,2060.58
2024-05-31,,1888.99
2024-05-31,,1729.02
2024-05-31,,1644.46
2024-05-31,,1678.58
2024-05-31,,1877.62
2024-05-31,,2143.66
2024-05-31,,2484.12
2024-05-31,,2763.02
2024-05-31,,2855.74
2024-05-31,,2620.6
2024-05-31,,2562.99
2024-05-31,,2214.37
2024-06-01,1500.12,2178.52
2024-06-01,,2090.34
2024-06-01,,2025.44
2024-06-01,,1800.53
2024-06-01,,1829.02
2024-06-01,,1828.27
2024-06-01,,1950.39
2024-06-01,,1870.13
2024-06-01,,1817.13
2024-06-01,,1537.97
2024-06-01,,1184.01
2024-06-01,,1051.98
2024-06-01,,532.55
2024-06-01,,187.01
2024-06-01,,69.85
2024-06-01,,138.22
2024-06-01,,326.47
2024-06-01,,1290.76
2024-06-01,,1994.73
2024-06-01,,2098.27
2024-06-01,,1981.6
2024-06-01,,2003.4
2024-06-01,,2260.51
2024-06-01,,1955.84
2024-06-02,670.86,1316.78
2024-06-02,,1210.55
2024-06-02,,968.19
2024-06-02,,835.52
2024-06-02,,213.7
2024-06-02,,119.57
2024-06-02,,121.05
2024-06-02,,101.54
2024-06-02,,23.96
2024-06-02,,0.0
2024-06-02,,34.34
2024-06-02,,11.12
2024-06-02,,-12.35
2024-06-02,,-125.5
2024-06-02,,-432.09
2024-06-02,,-472.36
2024-06-02,,-162.06
2024-06-02,,-70.16
2024-06-02,,967.94
2024-06-02,,1957.13
2024-06-02,,2068.8
2024-06-02,,2522.63
2024-06-02,,2584.64
2024-06-02,,2317.58
2024-06-03,2888.14,2339.81
2024-06-03,,2147.85
2024-06-03,,2129.82
2024-06-03,,2115.0
2024-06-03,,2068.8
2024-06-03,,2427.76
2024-06-03,,3226.72
2024-06-03,,4738.17
2024-06-03,,4022.22
2024-06-03,,3139.02
2024-06-03,,2439.62
2024-06-03,,2364.52
2024-06-03,,2003.33
2024-06-03,,1874.62
2024-06-03,,1768.63
2024-06-03,,1814.58
2024-06-03,,1951.2
2024-06-03,,2692.6
2024-06-03,,3186.45
2024-06-03,,4427.63
2024-06-03,,5201.14
2024-06-03,,4750.03
2024-06-03,,3598.53
2024-06-03,,2887.27
2024-06-04,2656.93,2646.4
2024-06-04,,2480.38
2024-06-04,,2365.5
2024-06-04,,2339.56
2024-06-04,,2332.4
2024-06-04,,2608.11
2024-06-04,,3504.65
2024-06-04,,4275.2
2024-06-04,,3493.29
2024-06-04,,2742.75
2024-06-04,,2234.32
2024-06-04,,1998.14
2024-06-04,,1679.45
2024-06-04,,1384.96
2024-06-04,,1159.9
2024-06-04,,1108.02
2024-06-04,,1965.78
2024-06-04,,2342.78
2024-06-04,,2957.44
2024-06-04,,4162.55
2024-06-04,,5536.39
2024-06-04,,3441.16
2024-06-04,,2764.98
2024-06-04,,2242.23
2024-06-05,2210.53,1902.7
2024-06-05,,1575.41
2024-06-05,,1553.4
2024-06-05,,1645.12
2024-06-05,,1607.05
2024-06-05,,2040.14
2024-06-05,,2693.74
2024-06-05,,3637.05
2024-06-05,,2820.55
2024-06-05,,2111.58
2024-06-05,,1754.87
2024-06-05,,1588.26
2024-06-05,,1242.43
2024-06-05,,770.52
2024-06-05,,672.14
2024-06-05,,1451.31
2024-06-05,,1443.15
2024-06-05,,2253.72
2024-06-05,,2863.07
2024-06-05,,3269.96
2024-06-05,,3848.9
2024-06-05,,3970.28
2024-06-05,,3545.84
2024-06-05,,2791.63
2024-06-06,2171.98,2500.77
2024-06-06,,2395.77
2024-06-06,,2192.2
2024-06-06,,2171.4
2024-06-06,,2234.05
2024-06-06,,2556.24
2024-06-06,,3098.84
2024-06-06,,3182.3
2024-06-06,,2419.54
2024-06-06,,1781.35
2024-06-06,,1431.42
2024-06-06,,737.75
2024-06-06,,568.11
2024-06-06,,444.53
2024-06-06,,577.77
2024-06-06,,734.03
2024-06-06,,1415.57
2024-06-06,,2273.92
2024-06-06,,2584.23
2024-06-06,,2971.06
2024-06-06,,3912.87
2024-06-06,,4045.36
2024-06-06,,3221.18
2024-06-06,,2677.34
2024-06-07,2047.8,2539.26
2024-06-07,,2357.23
2024-06-07,,2234.65
2024-06-07,,2118.72
2024-06-07,,2036.34
2024-06-07,,2366.61
2024-06-07,,2800.46
2024-06-07,,2906.52
2024-06-07,,2515.83
2024-06-07,,1942.62
2024-06-07,,1505.06
2024-06-07,,1020.88
2024-06-07,,836.39
2024-06-07,,625.5
2024-06-07,,412.15
2024-06-07,,221.74
2024-06-07,,621.06
2024-06-07,,1565.49
2024-06-07,,2399.41
2024-06-07,,3087.32
2024-06-07,,3685.2
2024-06-07,,3715.54
2024-06-07,,3083.12
2024-06-07,,2550.11
2024-06-08,1180.36,2498.73
2024-06-08,,2292.29
2024-06-08,,2129.7
2024-06-08,,2071.31
2024-06-08,,2072.05
2024-06-08,,2039.29
2024-06-08,,1976.22
2024-06-08,,1566.29
2024-06-08,,1046.49
2024-06-08,,298.33
2024-06-08,,-5.42
2024-06-08,,-56.91
2024-06-08,,-255.96
2024-06-08,,-590.01
2024-06-08,,-747.67
2024-06-08,,-514.38
2024-06-08,,-84.25
2024-06-08,,328.14
2024-06-08,,1570.97
2024-06-08,,2006.52
2024-06-08,,2333.43
2024-06-08,,2016.37
2024-06-08,,2403.64
2024-06-08,,1933.35
2024-06-09,701.68,1825.43
2024-06-09,,1559.28
2024-06-09,,1008.56
2024-06-09,,309.4
2024-06-09,,372.56
2024-06-09,,212.82
2024-06-09,,143.76
2024-06-09,,54.56
2024-06-09,,-4.67
2024-06-09,,-50.38
2024-06-09,,-189.72
2024-06-09,,-372.31
2024-06-09,,-606.51
2024-06-09,,-797.46
2024-06-09,,-912.72
2024-06-09,,-709.23
2024-06-09,,-29.74
2024-06-09,,210.12
2024-06-09,,1935.77
2024-06-09,,2396.55
2024-06-09,,2830.3
2024-06-09,,2599.05
2024-06-09,,2661.96
2024-06-09,,2392.87
2024-06-10,2342.33,1812.9
2024-06-10,,1781.93
2024-06-10,,1686.34
2024-06-10,,1702.06
2024-06-10,,1727.87
2024-06-10,,1921.27
2024-06-10,,2889.77
2024-06-10,,4521.06
2024-06-10,,3557.97
2024-06-10,,2595.86
2024-06-10,,2166.53
2024-06-10,,2056.93
2024-06-10,,1797.91
2024-06-10,,1797.91
2024-06-10,,1644.56
2024-06-10,,1642.35
2024-06-10,,2009.25
2024-06-10,,2230.92
2024-06-10,,2580.38
2024-06-10,,2993.48
2024-06-10,,3299.44
2024-06-10,,2977.02
2024-06-10,,2654.59
2024-06-10,,2167.51
2024-06-11,1834.56,1836.98
2024-06-11,,1688.79
2024-06-11,,1556.33
2024-06-11,,1478.43
2024-06-11,,1496.37
2024-06-11,,1597.87
2024-06-11,,2088.88
2024-06-11,,2484.78
2024-06-11,,2266.55
2024-06-11,,1769.65
2024-06-11,,1499.57
2024-06-11,,1479.91
2024-06-11,,1498.09
2024-06-11,,943.93
2024-06-11,,757.4
2024-06-11,,1420.43
2024-06-11,,1157.48
2024-06-11,,1601.31
2024-06-11,,2010.73
2024-06-11,,2679.41
2024-06-11,,2999.38
2024-06-11,,2934.75
2024-06-11,,2548.43
2024-06-11,,2233.87
2024-06-12,2281.31,2189.07
2024-06-12,,2097.42
2024-06-12,,1960.21
2024-06-12,,2017.36
2024-06-12,,2111.71
2024-06-12,,2318.89
2024-06-12,,3025.67
2024-06-12,,3256.5
2024-06-12,,2750.01
2024-06-12,,1964.89
2024-06-12,,1609.16
2024-06-12,,1495.1
2024-06-12,,1497.07
2024-06-12,,1235.2
2024-06-12,,1261.31
2024-06-12,,1138.14
2024-06-12,,1558.16
2024-06-12,,2244.0
2024-06-12,,2544.55
2024-06-12,,3159.93
2024-06-12,,3722.84
2024-06-12,,3784.92
2024-06-12,,3176.19
2024-06-12,,2633.24
2024-06-13,2398.41,2463.83
2024-06-13,,2304.24
2024-06-13,,2076.46
2024-06-13,,2103.63
2024-06-13,,2073.24
2024-06-13,,2464.08
2024-06-13,,3026.61
2024-06-13,,3224.0
2024-06-13,,2878.38
2024-06-13,,2101.41
2024-06-13,,1747.38
2024-06-13,,1562.84
2024-06-13,,1351.86
2024-06-13,,1191.03
2024-06-13,,1133.71
2024-06-13,,1601.87
2024-06-13,,2156.75
2024-06-13,,2261.99
2024-06-13,,2826.0
2024-06-13,,3526.89
2024-06-13,,4791.04
2024-06-13,,3994.3
2024-06-13,,2625.4
2024-06-13,,2074.97
2024-06-14,1880.27,1959.45
2024-06-14,,1675.65
2024-06-14,,1502.75
2024-06-14,,1497.07
2024-06-14,,1400.49
2024-06-14,,1615.87
2024-06-14,,2030.34
2024-06-14,,2402.07
2024-06-14,,2367.74
2024-06-14,,2077.52
2024-06-14,,1774.69
2024-06-14,,1580.8
2024-06-14,,1513.37
2024-06-14,,1194.99
2024-06-14,,1026.04
2024-06-14,,1029.0
2024-06-14,,1421.98
2024-06-14,,1903.88
2024-06-14,,2181.26
2024-06-14,,3309.8
2024-06-14,,3254.47
2024-06-14,,2815.8
2024-06-14,,2126.18
2024-06-14,,1465.2
2024-06-15,225.07,1512.88
2024-06-15,,1062.1
2024-06-15,,793.86
2024-06-15,,815.59
2024-06-15,,549.33
2024-06-15,,239.1
2024-06-15,,38.04
2024-06-15,,2.22
2024-06-15,,0.0
2024-06-15,,-1.48
2024-06-15,,-248.98
2024-06-15,,-729.88
2024-06-15,,-1129.28
2024-06-15,,-1624.27
2024-06-15,,-1985.88
2024-06-15,,-1408.64
2024-06-15,,-794.11
2024-06-15,,-228.97
2024-06-15,,-12.84
2024-06-15,,1661.08
2024-06-15,,2134.08
2024-06-15,,2354.65
2024-06-15,,1473.85
2024-06-15,,929.21
2024-06-16,570.44,669.46
2024-06-16,,306.03
2024-06-16,,172.19
2024-06-16,,121.72
2024-06-16,,111.58
2024-06-16,,119.49
2024-06-16,,101.43
2024-06-16,,11.63
2024-06-16,,-0.49
2024-06-16,,-32.41
2024-06-16,,-248.64
2024-06-16,,-331.52
2024-06-16,,-497.03
2024-06-16,,-745.66
2024-06-16,,-887.18
2024-06-16,,-722.9
2024-06-16,,-285.99
2024-06-16,,-157.84
2024-06-16,,1669.7
2024-06-16,,2597.7
2024-06-16,,3062.32
2024-06-16,,3222.39
2024-06-16,,3070.23
2024-06-16,,2364.4
2024-06-17,2394.71,2040.06
2024-06-17,,1706.57
2024-06-17,,1692.71
2024-06-17,,1751.84
2024-06-17,,1795.38
2024-06-17,,2228.83
2024-06-17,,2940.1
2024-06-17,,3164.74
2024-06-17,,2663.01
2024-06-17,,2039.57
2024-06-17,,1525.47
2024-06-17,,1393.36
2024-06-17,,1041.55
2024-06-17,,985.89
2024-06-17,,1186.04
2024-06-17,,1397.32
2024-06-17,,1655.11
2024-06-17,,2143.47
2024-06-17,,2939.11
2024-06-17,,4438.11
2024-06-17,,5507.62
2024-06-17,,5249.58
2024-06-17,,3441.58
2024-06-17,,2545.99
2024-06-18,2421.74,2585.58
2024-06-18,,2279.54
2024-06-18,,2193.94
2024-06-18,,2171.43
2024-06-18,,2175.39
2024-06-18,,2402.01
2024-06-18,,3379.98
2024-06-18,,3149.4
2024-06-18,,2332.73
2024-06-18,,1825.81
2024-06-18,,1488.11
2024-06-18,,1284.75
2024-06-18,,1179.85
2024-06-18,,1128.14
2024-06-18,,1272.13
2024-06-18,,1656.34
2024-06-18,,1833.98
2024-06-18,,2235.01
2024-06-18,,3135.8
2024-06-18,,4795.11
2024-06-18,,4974.22
2024-06-18,,3594.72
2024-06-18,,2743.42
2024-06-18,,2304.28
2024-06-19,2259.17,2475.68
2024-06-19,,2280.8
2024-06-19,,2187.93
2024-06-19,,2170.14
2024-06-19,,2136.55
2024-06-19,,2188.17
2024-06-19,,2717.0
2024-06-19,,2815.06
2024-06-19,,2608.07
2024-06-19,,2132.1
2024-06-19,,1852.75
2024-06-19,,1657.86
2024-06-19,,1446.93
2024-06-19,,986.76
2024-06-19,,553.28
2024-06-19,,895.62
2024-06-19,,1546.71
2024-06-19,,2022.19
2024-06-19,,2507.05
2024-06-19,,3086.26
2024-06-19,,5748.68
2024-06-19,,3130.23
2024-06-19,,2762.94
2024-06-19,,2311.43
